date,matchNum,home,away,hcp,SPF_w,SPF_d,SPF_l,RQSPF_w,RQSPF_d,RQSPF_l,BQC_hh,BQC_hd,BQC_ha,BQC_dh,BQC_dd,BQC_da,BQC_ah,BQC_ad,BQC_aa,JQS_0,JQS_1,JQS_2,JQS_3,JQS_4,JQS_5,JQS_6,JQS_7p
2026-04-28,周一001,,,-9,4.8,3.62,1.55,2.1,3.04,3.08,,,,,,,,,,10,4.65,3.25,3.4,5.75,11,,
2026-04-28,周一002,,,-1,1.29,4.55,7.5,2,3.5,2.91,,,,,,,,,,14,5.3,3.7,3.4,4.75,8.5,,
2026-04-28,周一003,,,-1,2.95,3.63,1.94,6.5,5,1.29,,,,,,,,,,17.5,6.6,4,3.4,4.2,7.3,,
2026-04-28,周一004,,,-1,2.27,3.04,2.78,5.05,4,1.47,,,,,,,,,,10,4.2,3.3,3.65,6,11,,
2026-04-28,周一005,,,-9,1.94,2.9,3.72,4.37,3.35,1.66,,,,,,,,,,8.5,4.1,3.05,3.55,6.8,14.5,,
2026-04-28,周一006,,,-9,2.8,2.78,2.43,1.43,3.7,6.25,,,,,,,,,,10.5,4.3,3.2,3.5,6,12,,
2026-04-28,周一007,,,-9,1.73,3.65,3.6,3.27,3.55,1.85,,,,,,,,,,19,7,4.2,3.25,4,7.65,,
2026-04-28,周一008,,,-9,1.85,3.3,3.5,3.85,3.43,1.73,,,,,,,,,,11,4.05,3.25,3.4,5.8,12,,
2026-04-28,周一009,,,-9,1.55,3.45,5.15,3.02,3.1,2.1,,,,,,,,,,11,4.4,2.95,3.6,5.85,12.5,,
2026-04-28,周二001,,,-9,1.42,4.2,5.35,2.42,3.25,2.45,,,,,,,,,,20,7,4,3.4,4.5,7.1,,
2026-04-28,周二003,,,-9,2.04,3.1,3.16,4.2,3.88,1.58,,,,,,,,,,15,5.9,3.35,3.2,4.9,9,,
2026-04-28,周二004,,,-9,2.22,3.8,2.41,4.55,4.2,1.49,,,,,,,,,,25,8.5,4.7,3.7,4.2,5.7,,
2026-04-28,周二005,,,-1,1.5,3.45,5.8,2.95,3,2.19,,,,,,,,,,8,3.4,3,3.85,7.75,16,,
2026-04-29,周三001,,,-1,1.4,4.2,5.65,2.43,3.15,2.5,,,,,,,,,,16,6.1,3.65,3.3,4.8,7.8,,
2026-04-29,周三002,,,-1,2.27,3.05,2.77,5,3.95,1.48,,,,,,,,,,12,5,3.4,3.5,5,9,,
2026-04-29,周三003,,,-1,2.1,3.25,2.9,4.45,3.85,1.55,,,,,,,,,,16,5.95,3.9,3.3,4.6,8,,
2026-04-29,周三004,,,-1,3.5,2.98,1.97,1.63,3.55,4.28,,,,,,,,,,8,3.8,3.15,3.75,7,13.5,,
2026-04-29,周三005,,,-1,2.6,3.23,2.3,6.1,4.25,1.37,,,,,,,,,,10.5,4.75,3.2,3.6,6,10.5,,
2026-04-29,周三006,,,-1,2.13,2.93,3.15,1.26,4.85,7.7,,,,,,,,,,11.5,4.9,3.15,3.5,5.7,10,,
2026-04-29,周三007,,,-1,1.72,3.58,3.72,3.27,3.53,1.85,,,,,,,,,,14,5.25,3.75,3.35,4.75,9,,
2026-04-29,周三008,,,-9,1.5,4.2,4.45,2.7,3.28,2.2,,,,,,,,,,23,7.5,4.3,3.45,4.3,6.5,,
2026-04-29,周三009,,,-9,2.87,3.1,2.18,1.51,3.9,4.75,,,,,,,,,,8.5,4.1,3.25,3.75,6.75,13,,
2026-04-29,周三011,,,-1,3.62,2.85,1.99,1.61,3.32,4.85,,,,,,,,,,7,3.55,3.05,3.95,7.25,16,,
2026-04-29,周三012,,,-1,4.9,3.3,1.61,2,2.96,3.43,,,,,,,,,,9,3.8,2.9,3.75,7,14,,
2026-04-29,周二001,,,-9,1.42,4.2,5.35,2.42,3.25,2.45,,,,,,,,,,20,7,4,3.4,4.5,7.1,,
2026-04-29,周二003,,,-9,2.04,3.1,3.16,4.2,3.88,1.58,,,,,,,,,,15,5.9,3.35,3.2,4.9,9,,
2026-04-29,周二004,,,-9,2.22,3.8,2.41,4.55,4.2,1.49,,,,,,,,,,25,8.5,4.7,3.7,4.2,5.7,,
2026-04-29,周二005,,,-1,1.5,3.45,5.8,2.95,3,2.19,,,,,,,,,,8,3.4,3,3.85,7.75,16,,
2026-04-30,周三001,,,-1,1.4,4.2,5.65,2.43,3.15,2.5,,,,,,,,,,16,6.1,3.65,3.3,4.8,7.8,,
2026-04-30,周三002,,,-1,2.27,3.05,2.77,5,3.95,1.48,,,,,,,,,,12,5,3.4,3.5,5,9,,
2026-04-30,周三003,,,-1,2.1,3.25,2.9,4.45,3.85,1.55,,,,,,,,,,16,5.95,3.9,3.3,4.6,8,,
2026-04-30,周三004,,,-1,3.5,2.98,1.97,1.63,3.55,4.28,,,,,,,,,,8,3.8,3.15,3.75,7,13.5,,
2026-04-30,周三005,,,-1,2.6,3.23,2.3,6.1,4.25,1.37,,,,,,,,,,10.5,4.75,3.2,3.6,6,10.5,,
2026-04-30,周三006,,,-1,2.13,2.93,3.15,1.26,4.85,7.7,,,,,,,,,,11.5,4.9,3.15,3.5,5.7,10,,
2026-04-30,周三007,,,-1,1.72,3.58,3.72,3.27,3.53,1.85,,,,,,,,,,14,5.25,3.75,3.35,4.75,9,,
2026-04-30,周三008,,,-9,1.5,4.2,4.45,2.7,3.28,2.2,,,,,,,,,,23,7.5,4.3,3.45,4.3,6.5,,
2026-04-30,周三009,,,-9,2.87,3.1,2.18,1.51,3.9,4.75,,,,,,,,,,8.5,4.1,3.25,3.75,6.75,13,,
2026-04-30,周三011,,,-1,3.62,2.85,1.99,1.61,3.32,4.85,,,,,,,,,,7,3.55,3.05,3.95,7.25,16,,
2026-04-30,周三012,,,-1,4.9,3.3,1.61,2,2.96,3.43,,,,,,,,,,9,3.8,2.9,3.75,7,14,,
2026-04-30,周四002,,,-9,2.43,3.06,2.56,5.45,4.25,1.41,,,,,,,,,,12,5,3.45,3.35,5.25,9.5,,
2026-04-30,周四003,,,-9,2.09,3,3.15,4.67,3.7,1.55,,,,,,,,,,9.5,4.05,3.1,3.45,6.25,13.5,,
2026-04-30,周四004,,,-9,2.78,3.08,2.25,6.75,4.6,1.31,,,,,,,,,,10,4.5,3.3,3.4,5.75,12,,
2026-04-30,周四005,,,-9,1.97,3,3.47,4.55,3.3,1.65,,,,,,,,,,11,4.7,3.3,3.35,5.75,10.5,,
2026-04-30,周四006,,,-1,1.76,3.4,3.74,3.4,3.53,1.81,,,,,,,,,,12.5,4.6,3.55,3.2,5.7,9.7,,
2026-04-30,周四007,,,-1,1.44,3.32,7.5,2.68,2.95,2.4,,,,,,,,,,7.5,3.4,2.95,3.9,7.85,18,,
2026-05-01,周五001,,,-1,1.24,5.25,7.6,1.76,3.9,3.28,,,,,,,,,,27,8.3,4.95,3.35,3.75,6.35,,
2026-05-01,周五002,,,-9,1.79,3.5,3.52,3.55,3.55,1.77,,,,,,,,,,16,6.25,4,3.3,4.3,8,,
2026-05-01,周五003,,,-9,3.55,2.78,2.05,1.6,3.32,5,,,,,,,,,,7.5,3.25,3,3.95,8,17,,
2026-05-01,周五004,,,-9,1.25,4.8,8.25,1.9,3.42,3.22,,,,,,,,,,16,6.2,3.85,3.2,4.4,8,,
2026-05-01,周五005,,,-9,1.92,3.18,3.4,4.08,3.55,1.66,,,,,,,,,,13,5.15,3.25,3.35,5.5,10,,
2026-05-01,周四002,,,-9,2.43,3.06,2.56,5.45,4.25,1.41,,,,,,,,,,12,5,3.45,3.35,5.25,9.5,,
2026-05-01,周四003,,,-9,2.09,3,3.15,4.67,3.7,1.55,,,,,,,,,,9.5,4.05,3.1,3.45,6.25,13.5,,
2026-05-01,周四004,,,-9,2.78,3.08,2.25,6.75,4.6,1.31,,,,,,,,,,10,4.5,3.3,3.4,5.75,12,,
2026-05-01,周四005,,,-9,1.97,3,3.47,4.55,3.3,1.65,,,,,,,,,,11,4.7,3.3,3.35,5.75,10.5,,
2026-05-01,周四006,,,-1,1.76,3.4,3.74,3.4,3.53,1.81,,,,,,,,,,12.5,4.6,3.55,3.2,5.7,9.7,,
2026-05-01,周四007,,,-1,1.44,3.32,7.5,2.68,2.95,2.4,,,,,,,,,,7.5,3.4,2.95,3.9,7.85,18,,
2026-05-02,周五001,,,-1,1.24,5.25,7.6,1.76,3.9,3.28,,,,,,,,,,27,8.3,4.95,3.35,3.75,6.35,,
2026-05-02,周五002,,,-9,1.79,3.5,3.52,3.55,3.55,1.77,,,,,,,,,,16,6.25,4,3.3,4.3,8,,
2026-05-02,周五003,,,-9,3.55,2.78,2.05,1.6,3.32,5,,,,,,,,,,7.5,3.25,3,3.95,8,17,,
2026-05-02,周五004,,,-9,1.25,4.8,8.25,1.9,3.42,3.22,,,,,,,,,,16,6.2,3.85,3.2,4.4,8,,
2026-05-02,周五005,,,-9,1.92,3.18,3.4,4.08,3.55,1.66,,,,,,,,,,13,5.15,3.25,3.35,5.5,10,,
2026-05-02,周六001,,,-1,2.17,3,2.98,4.75,3.9,1.51,,,,,,,,,,11.5,4.6,3.6,3.55,5,10.5,,
2026-05-02,周六002,,,-1,1.93,3.1,3.46,4.2,3.5,1.65,,,,,,,,,,10,4.5,3.2,3.6,5.7,11.5,,
2026-05-02,周六003,,,-1,3,3.25,2.05,1.6,3.55,4.5,,,,,,,,,,13,4.8,3.4,3.4,5.4,9.8,,
2026-05-02,周六004,,,-1,3.05,2.88,2.2,1.51,3.6,5.3,,,,,,,,,,8,3.9,3.05,3.8,7,14,,
2026-05-02,周六005,,,-1,1.68,3.65,3.85,3.15,3.53,1.89,,,,,,,,,,18.5,6.65,4.25,3.4,4.2,7.05,,
2026-05-02,周六006,,,-9,3.04,3.45,1.96,1.63,3.6,4.2,,,,,,,,,,15,6.2,4,3.4,4.4,7.8,,
2026-05-02,周六007,,,-9,1.61,3.9,3.98,2.85,3.6,2,,,,,,,,,,22,7.2,4.4,3.45,4.45,6.5,,
2026-05-02,周六008,,,-9,1.95,2.75,3.95,4.25,3.45,1.66,,,,,,,,,,9.5,4.3,3.2,3.65,6.4,10.5,,
2026-05-02,周六009,,,-1,3.02,3.3,2.02,1.59,3.7,4.35,,,,,,,,,,11.5,4.8,3.5,3.85,5.45,9.5,,
2026-05-02,周六010,,,-9,1.88,3.48,3.22,3.58,3.82,1.7,,,,,,,,,,20,7,4.25,3.5,4.25,7,,
2026-05-02,周六011,,,-9,1.17,6.5,8.3,2.4,4.4,2.06,,,,,,,,,,50,14.5,7,4.55,4.15,4.85,,
2026-05-02,周六012,,,-9,2.1,3.75,2.59,3.95,4.35,1.55,,,,,,,,,,28,9.5,5.1,3.75,4.1,5.75,,
2026-05-02,周六013,,,-9,2.57,3.05,2.43,5.8,4.5,1.36,,,,,,,,,,14,5.5,3.55,3.5,4.85,8.5,,
2026-05-02,周六014,,,-9,1.54,4.05,4.3,2.74,3.45,2.11,,,,,,,,,,19,7.1,4.25,3.4,4.25,6.85,,
2026-05-02,周六015,,,-9,3.8,3.25,1.79,1.77,3.51,3.58,,,,,,,,,,10.5,4.2,3.3,3.5,5.8,12,,
2026-05-02,周六016,,,-9,1.78,3.6,3.45,3.36,3.7,1.78,,,,,,,,,,19,6.7,4,3.45,4.5,7.1,,
2026-05-02,周六017,,,-9,1.54,3.85,4.55,2.85,3.25,2.13,,,,,,,,,,14,5.3,3.35,3.35,5.1,9.25,,
2026-05-02,周六018,,,-9,1.22,5.45,7.9,3.02,4.3,1.77,,,,,,,,,,26,8.5,4.75,3.45,4,6.2,,
2026-05-02,周六019,,,-9,2.03,2.85,3.5,4.6,3.45,1.61,,,,,,,,,,9.75,3.8,3.35,3.4,6.5,13,,
2026-05-02,周六020,,,-1,2.88,3.2,2.13,1.56,3.75,4.5,,,,,,,,,,14,5.3,3.65,3.45,4.8,8.5,,
2026-05-02,周六021,,,-9,1.31,4.4,7.2,2.19,3.15,2.82,,,,,,,,,,13.5,4.9,3.45,3.4,5.15,9.5,,
2026-05-02,周六022,,,-9,2.06,3.75,2.65,3.95,4.2,1.57,,,,,,,,,,32,10,5.2,3.5,3.7,6,,
2026-05-02,周六023,,,-9,2.72,3,2.34,1.44,4.15,5.15,,,,,,,,,,11,4.6,2.95,3.4,6.05,11.5,,
2026-05-02,周六024,,,-9,5.25,4.02,1.45,2.36,3.2,2.55,,,,,,,,,,15,5.55,3.85,3.3,4.6,8.2,,
2026-05-02,周六026,,,-9,2.43,2.7,2.88,5.55,4,1.43,,,,,,,,,,11,4.75,3.2,3.5,5.6,10.5,,
2026-05-02,周六027,,,-9,2.24,3.8,2.38,4.35,4.4,1.49,,,,,,,,,,32,9.8,5.3,3.6,4.05,5.4,,
2026-05-02,周六028,,,-9,1.36,4.25,6.3,2.43,3,2.6,,,,,,,,,,14,5.15,3.4,3.45,5.3,9,,
2026-05-02,周六029,,,-9,4.15,3.8,1.6,2.01,3.8,2.72,,,,,,,,,,19,6.5,4.05,3.4,4.35,7.35,,
2026-05-02,周六030,,,-9,4.1,3.96,1.58,2.04,3.5,2.83,,,,,,,,,,17.5,6.5,4.1,3.4,4.25,7.3,,
2026-05-03,周六001,,,-1,2.17,3,2.98,4.75,3.9,1.51,,,,,,,,,,11.5,4.6,3.6,3.55,5,10.5,,
2026-05-03,周六002,,,-1,1.93,3.1,3.46,4.2,3.5,1.65,,,,,,,,,,10,4.5,3.2,3.6,5.7,11.5,,
2026-05-03,周六003,,,-1,3,3.25,2.05,1.6,3.55,4.5,,,,,,,,,,13,4.8,3.4,3.4,5.4,9.8,,
2026-05-03,周六004,,,-1,3.05,2.88,2.2,1.51,3.6,5.3,,,,,,,,,,8,3.9,3.05,3.8,7,14,,
2026-05-03,周六005,,,-1,1.68,3.65,3.85,3.15,3.53,1.89,,,,,,,,,,18.5,6.65,4.25,3.4,4.2,7.05,,
2026-05-03,周六006,,,-9,3.04,3.45,1.96,1.63,3.6,4.2,,,,,,,,,,15,6.2,4,3.4,4.4,7.8,,
2026-05-03,周六007,,,-9,1.61,3.9,3.98,2.85,3.6,2,,,,,,,,,,22,7.2,4.4,3.45,4.45,6.5,,
2026-05-03,周六008,,,-9,1.95,2.75,3.95,4.25,3.45,1.66,,,,,,,,,,9.5,4.3,3.2,3.65,6.4,10.5,,
2026-05-03,周六009,,,-1,3.02,3.3,2.02,1.59,3.7,4.35,,,,,,,,,,11.5,4.8,3.5,3.85,5.45,9.5,,
2026-05-03,周六010,,,-9,1.88,3.48,3.22,3.58,3.82,1.7,,,,,,,,,,20,7,4.25,3.5,4.25,7,,
2026-05-03,周六011,,,-9,1.17,6.5,8.3,2.4,4.4,2.06,,,,,,,,,,50,14.5,7,4.55,4.15,4.85,,
2026-05-03,周六012,,,-9,2.1,3.75,2.59,3.95,4.35,1.55,,,,,,,,,,28,9.5,5.1,3.75,4.1,5.75,,
2026-05-03,周六013,,,-9,2.57,3.05,2.43,5.8,4.5,1.36,,,,,,,,,,14,5.5,3.55,3.5,4.85,8.5,,
2026-05-03,周六014,,,-9,1.54,4.05,4.3,2.74,3.45,2.11,,,,,,,,,,19,7.1,4.25,3.4,4.25,6.85,,
2026-05-03,周六015,,,-9,3.8,3.25,1.79,1.77,3.51,3.58,,,,,,,,,,10.5,4.2,3.3,3.5,5.8,12,,
2026-05-03,周六016,,,-9,1.78,3.6,3.45,3.36,3.7,1.78,,,,,,,,,,19,6.7,4,3.45,4.5,7.1,,
2026-05-03,周六017,,,-9,1.54,3.85,4.55,2.85,3.25,2.13,,,,,,,,,,14,5.3,3.35,3.35,5.1,9.25,,
2026-05-03,周六018,,,-9,1.22,5.45,7.9,3.02,4.3,1.77,,,,,,,,,,26,8.5,4.75,3.45,4,6.2,,
2026-05-03,周六019,,,-9,2.03,2.85,3.5,4.6,3.45,1.61,,,,,,,,,,9.75,3.8,3.35,3.4,6.5,13,,
2026-05-03,周六020,,,-1,2.88,3.2,2.13,1.56,3.75,4.5,,,,,,,,,,14,5.3,3.65,3.45,4.8,8.5,,
2026-05-03,周六021,,,-9,1.31,4.4,7.2,2.19,3.15,2.82,,,,,,,,,,13.5,4.9,3.45,3.4,5.15,9.5,,
2026-05-03,周六022,,,-9,2.06,3.75,2.65,3.95,4.2,1.57,,,,,,,,,,32,10,5.2,3.5,3.7,6,,
2026-05-03,周六023,,,-9,2.72,3,2.34,1.44,4.15,5.15,,,,,,,,,,11,4.6,2.95,3.4,6.05,11.5,,
2026-05-03,周六024,,,-9,5.25,4.02,1.45,2.36,3.2,2.55,,,,,,,,,,15,5.55,3.85,3.3,4.6,8.2,,
2026-05-03,周六026,,,-9,2.43,2.7,2.88,5.55,4,1.43,,,,,,,,,,11,4.75,3.2,3.5,5.6,10.5,,
2026-05-03,周六027,,,-9,2.24,3.8,2.38,4.35,4.4,1.49,,,,,,,,,,32,9.8,5.3,3.6,4.05,5.4,,
2026-05-03,周六028,,,-9,1.36,4.25,6.3,2.43,3,2.6,,,,,,,,,,14,5.15,3.4,3.45,5.3,9,,
2026-05-03,周六029,,,-9,4.15,3.8,1.6,2.01,3.8,2.72,,,,,,,,,,19,6.5,4.05,3.4,4.35,7.35,,
2026-05-03,周六030,,,-9,4.1,3.96,1.58,2.04,3.5,2.83,,,,,,,,,,17.5,6.5,4.1,3.4,4.25,7.3,,
2026-05-03,周日001,,,-1,1.63,3.45,4.42,3.12,3.35,1.96,,,,,,,,,,12,4.2,3.5,3.7,5.65,9.2,,
2026-05-03,周日002,,,-1,2.09,2.92,3.25,4.7,3.65,1.56,,,,,,,,,,7.5,3.6,3.2,4,6.75,15,,
2026-05-03,周日003,,,-9,2.85,3.65,1.99,1.61,4.15,3.75,,,,,,,,,,22,7.5,4.1,3.5,4.3,6.5,,
2026-05-03,周日004,,,-9,2.05,3,3.25,4.85,3.5,1.57,,,,,,,,,,9,4,3.05,3.7,6.25,13.5,,
2026-05-03,周日005,,,-9,1.81,3.78,3.2,3.35,3.85,1.75,,,,,,,,,,26,9,4.85,3.65,3.95,6.1,,
2026-05-03,周日006,,,-9,2.05,3.17,3.07,4.12,4,1.57,,,,,,,,,,17.5,6.5,4,3.5,4.5,7.5,,
2026-05-03,周日007,,,-9,1.55,3.8,4.55,2.94,3.2,2.1,,,,,,,,,,16,5.65,3.85,3.5,4.75,7.75,,
2026-05-03,周日008,,,-1,2.4,3.15,2.53,5.3,4.25,1.42,,,,,,,,,,10,4.6,3.35,3.7,5.75,10,,
2026-05-03,周日009,,,-9,5.35,4.4,1.4,2.45,3.75,2.2,,,,,,,,,,20,7,4.4,3.55,4.45,7,,
2026-05-03,周日010,,,-9,1.4,4.15,5.75,2.46,3.1,2.5,,,,,,,,,,16,5.9,3.85,3.4,4.7,7.75,,
2026-05-03,周日011,,,-9,4.7,3.8,1.53,2.14,3.25,2.82,,,,,,,,,,14,5.7,3.8,3.5,4.85,8.2,,
2026-05-03,周日012,,,-9,1.24,4.9,8.4,1.88,3.57,3.15,,,,,,,,,,13,4.9,3.55,3.5,5.2,9,,
2026-05-03,周日013,,,-9,2.69,3,2.36,6.7,4.2,1.35,,,,,,,,,,10,4.6,3.3,3.6,5.6,10.5,,
2026-05-03,周日014,,,-9,1.8,2.85,4.5,4.32,3.03,1.76,,,,,,,,,,6.25,3.1,3.3,4.1,8.3,18,,
2026-05-03,周日015,,,-9,2.09,3.51,2.73,4,4.12,1.57,,,,,,,,,,21,7.4,4.1,3.6,4,7.3,,
2026-05-03,周日016,,,-9,2.1,3.35,2.82,1.31,5.3,5.65,,,,,,,,,,24,8.2,4.7,3.65,4.1,5.85,,
2026-05-03,周日017,,,-1,2.32,3.28,2.54,5,4.17,1.45,,,,,,,,,,14,5.4,3.7,3.3,4.7,8.75,,
2026-05-03,周日018,,,-9,2.85,3.45,2.05,6.25,5,1.3,,,,,,,,,,14,5.25,3.5,3.45,5,8.5,,
2026-05-03,周日019,,,-9,3.56,3.74,1.72,1.85,3.7,3.15,,,,,,,,,,19,6.9,4.25,3.35,4.1,7.6,,
2026-05-03,周日020,,,-9,1.1,6.7,14,2.38,3.65,2.3,,,,,,,,,,19,6.35,4.1,3.4,4.4,7.4,,
2026-05-03,周日021,,,-9,1.38,4.05,6.35,2.48,3.05,2.51,,,,,,,,,,12,4.3,3.35,3.25,6,11,,
2026-05-03,周日022,,,-9,1.59,3.85,4.15,2.86,3.4,2.06,,,,,,,,,,17,5.8,3.95,3.4,4.7,7.5,,
2026-05-03,周日023,,,-9,2.33,3.5,2.41,4.9,4.25,1.45,,,,,,,,,,16.5,6.35,3.75,3.45,4.5,7.5,,
2026-05-03,周日024,,,-9,3.25,3.8,1.79,1.77,3.85,3.3,,,,,,,,,,26,7.8,4.75,3.55,4.2,5.8,,
2026-05-03,周日025,,,-9,2.05,3.4,2.88,4.3,3.85,1.57,,,,,,,,,,15,5.5,3.5,3.4,4.8,8.75,,
2026-05-03,周日027,,,-9,1.96,3.5,3,3.85,3.75,1.66,,,,,,,,,,20,6.8,4.25,3.35,4.25,7,,
2026-05-03,周日028,,,-9,4.4,4.1,1.52,2.15,3.5,2.65,,,,,,,,,,19,6.5,4,3.45,4.5,7,,
2026-05-03,周日029,,,-1,1.6,3.65,4.35,2.92,3.4,2.03,,,,,,,,,,13,4.75,3.6,3.55,5.3,8.95,,
2026-05-03,周日030,,,-9,3.95,2.9,1.88,1.72,3.35,4,,,,,,,,,,11,4.6,3.45,3.4,5.25,11,,
2026-05-04,周一001,,,-9,1.33,4.5,6.5,2.05,3.53,2.79,,,,,,,,,,17.5,6.25,4.05,3.35,4.2,7.7,,
2026-05-04,周一002,,,-1,1.41,4.15,5.6,2.37,3.3,2.48,,,,,,,,,,16,5.65,3.85,3.35,4.45,8.05,,
2026-05-04,周一003,,,-9,3.04,2.93,2.18,1.51,3.8,4.9,,,,,,,,,,8.7,3.7,3.3,3.55,6.5,13.5,,
2026-05-04,周一004,,,-1,1.48,3.85,5.15,2.8,3.05,2.25,,,,,,,,,,13,5.15,3.6,3.35,5,9.55,,
2026-05-04,周一005,,,-1,2.91,2.9,2.27,1.49,3.8,5.12,,,,,,,,,,10.5,4.75,2.9,3.65,5.3,12.5,,
2026-05-04,周一006,,,-1,1.22,5.71,7.4,1.67,4.3,3.35,,,,,,,,,,36,10.5,5.5,3.75,3.8,5.5,,
2026-05-04,周一007,,,-9,1.34,4.45,6.35,2.12,3.5,2.7,,,,,,,,,,20,6.9,4.25,3.35,4.3,6.8,,
2026-05-04,周一008,,,-9,1.42,3.95,5.8,2.62,3.02,2.4,,,,,,,,,,11,4.9,3.25,3.35,5.75,10.5,,
2026-05-04,周一009,,,-9,6.55,4.58,1.32,2.74,3.85,1.98,,,,,,,,,,17,6.2,4,3.4,4.3,7.75,,
2026-05-04,周一010,,,-9,2.4,2.95,2.68,1.35,4.25,6.5,,,,,,,,,,12,4.45,3.3,3.55,5.6,10.5,,
2026-05-04,周日001,,,-1,1.63,3.45,4.42,3.12,3.35,1.96,,,,,,,,,,12,4.2,3.5,3.7,5.65,9.2,,
2026-05-04,周日002,,,-1,2.09,2.92,3.25,4.7,3.65,1.56,,,,,,,,,,7.5,3.6,3.2,4,6.75,15,,
2026-05-04,周日003,,,-9,2.85,3.65,1.99,1.61,4.15,3.75,,,,,,,,,,22,7.5,4.1,3.5,4.3,6.5,,
2026-05-04,周日004,,,-9,2.05,3,3.25,4.85,3.5,1.57,,,,,,,,,,9,4,3.05,3.7,6.25,13.5,,
2026-05-04,周日005,,,-9,1.81,3.78,3.2,3.35,3.85,1.75,,,,,,,,,,26,9,4.85,3.65,3.95,6.1,,
2026-05-04,周日006,,,-9,2.05,3.17,3.07,4.12,4,1.57,,,,,,,,,,17.5,6.5,4,3.5,4.5,7.5,,
2026-05-04,周日007,,,-9,1.55,3.8,4.55,2.94,3.2,2.1,,,,,,,,,,16,5.65,3.85,3.5,4.75,7.75,,
2026-05-04,周日008,,,-1,2.4,3.15,2.53,5.3,4.25,1.42,,,,,,,,,,10,4.6,3.35,3.7,5.75,10,,
2026-05-04,周日009,,,-9,5.35,4.4,1.4,2.45,3.75,2.2,,,,,,,,,,20,7,4.4,3.55,4.45,7,,
2026-05-04,周日010,,,-9,1.4,4.15,5.75,2.46,3.1,2.5,,,,,,,,,,16,5.9,3.85,3.4,4.7,7.75,,
2026-05-04,周日011,,,-9,4.7,3.8,1.53,2.14,3.25,2.82,,,,,,,,,,14,5.7,3.8,3.5,4.85,8.2,,
2026-05-04,周日012,,,-9,1.24,4.9,8.4,1.88,3.57,3.15,,,,,,,,,,13,4.9,3.55,3.5,5.2,9,,
2026-05-04,周日013,,,-9,2.69,3,2.36,6.7,4.2,1.35,,,,,,,,,,10,4.6,3.3,3.6,5.6,10.5,,
2026-05-04,周日014,,,-9,1.8,2.85,4.5,4.32,3.03,1.76,,,,,,,,,,6.25,3.1,3.3,4.1,8.3,18,,
2026-05-04,周日015,,,-9,2.09,3.51,2.73,4,4.12,1.57,,,,,,,,,,21,7.4,4.1,3.6,4,7.3,,
2026-05-04,周日016,,,-9,2.1,3.35,2.82,1.31,5.3,5.65,,,,,,,,,,24,8.2,4.7,3.65,4.1,5.85,,
2026-05-04,周日017,,,-1,2.32,3.28,2.54,5,4.17,1.45,,,,,,,,,,14,5.4,3.7,3.3,4.7,8.75,,
2026-05-04,周日018,,,-9,2.85,3.45,2.05,6.25,5,1.3,,,,,,,,,,14,5.25,3.5,3.45,5,8.5,,
2026-05-04,周日019,,,-9,3.56,3.74,1.72,1.85,3.7,3.15,,,,,,,,,,19,6.9,4.25,3.35,4.1,7.6,,
2026-05-04,周日020,,,-9,1.1,6.7,14,2.38,3.65,2.3,,,,,,,,,,19,6.35,4.1,3.4,4.4,7.4,,
2026-05-04,周日021,,,-9,1.38,4.05,6.35,2.48,3.05,2.51,,,,,,,,,,12,4.3,3.35,3.25,6,11,,
2026-05-04,周日022,,,-9,1.59,3.85,4.15,2.86,3.4,2.06,,,,,,,,,,17,5.8,3.95,3.4,4.7,7.5,,
2026-05-04,周日023,,,-9,2.33,3.5,2.41,4.9,4.25,1.45,,,,,,,,,,16.5,6.35,3.75,3.45,4.5,7.5,,
2026-05-04,周日024,,,-9,3.25,3.8,1.79,1.77,3.85,3.3,,,,,,,,,,26,7.8,4.75,3.55,4.2,5.8,,
2026-05-04,周日025,,,-9,2.05,3.4,2.88,4.3,3.85,1.57,,,,,,,,,,15,5.5,3.5,3.4,4.8,8.75,,
2026-05-04,周日027,,,-9,1.96,3.5,3,3.85,3.75,1.66,,,,,,,,,,20,6.8,4.25,3.35,4.25,7,,
2026-05-04,周日028,,,-9,4.4,4.1,1.52,2.15,3.5,2.65,,,,,,,,,,19,6.5,4,3.45,4.5,7,,
2026-05-04,周日029,,,-1,1.6,3.65,4.35,2.92,3.4,2.03,,,,,,,,,,13,4.75,3.6,3.55,5.3,8.95,,
2026-05-04,周日030,,,-9,3.95,2.9,1.88,1.72,3.35,4,,,,,,,,,,11,4.6,3.45,3.4,5.25,11,,
2026-05-05,周一001,,,-9,1.33,4.5,6.5,2.05,3.53,2.79,,,,,,,,,,17.5,6.25,4.05,3.35,4.2,7.7,,
2026-05-05,周一002,,,-1,1.41,4.15,5.6,2.37,3.3,2.48,,,,,,,,,,16,5.65,3.85,3.35,4.45,8.05,,
2026-05-05,周一003,,,-9,3.04,2.93,2.18,1.51,3.8,4.9,,,,,,,,,,8.7,3.7,3.3,3.55,6.5,13.5,,
2026-05-05,周一004,,,-1,1.48,3.85,5.15,2.8,3.05,2.25,,,,,,,,,,13,5.15,3.6,3.35,5,9.55,,
2026-05-05,周一005,,,-1,2.91,2.9,2.27,1.49,3.8,5.12,,,,,,,,,,10.5,4.75,2.9,3.65,5.3,12.5,,
2026-05-05,周一006,,,-1,1.22,5.71,7.4,1.67,4.3,3.35,,,,,,,,,,36,10.5,5.5,3.75,3.8,5.5,,
2026-05-05,周一007,,,-9,1.34,4.45,6.35,2.12,3.5,2.7,,,,,,,,,,20,6.9,4.25,3.35,4.3,6.8,,
2026-05-05,周一008,,,-9,1.42,3.95,5.8,2.62,3.02,2.4,,,,,,,,,,11,4.9,3.25,3.35,5.75,10.5,,
2026-05-05,周一009,,,-9,6.55,4.58,1.32,2.74,3.85,1.98,,,,,,,,,,17,6.2,4,3.4,4.3,7.75,,
2026-05-05,周一010,,,-9,2.4,2.95,2.68,1.35,4.25,6.5,,,,,,,,,,12,4.45,3.3,3.55,5.6,10.5,,
2026-05-05,周二001,,,-1,1.23,4.9,9,1.83,3.62,3.26,,,,,,,,,,14,5,3.5,3.55,5.2,8.8,,
2026-05-05,周二002,,,-1,1.74,3,4.52,3.88,3.1,1.82,,,,,,,,,,7.5,3.55,3.15,3.95,7,16,,
2026-05-05,周二003,,,-1,1.5,3.7,5.2,2.85,3.02,2.24,,,,,,,,,,10.5,5,3.45,3.55,5.65,9.5,,
2026-05-05,周二004,,,-1,5,3.8,1.5,2.19,3.35,2.68,,,,,,,,,,14,5.65,3.5,3.5,4.8,8.8,,
2026-05-05,周二005,,,-9,2.23,3.3,2.65,4.7,4.15,1.48,,,,,,,,,,14,5.85,3.75,3.2,4.5,8.7,,
2026-05-05,周二006,,,-9,11.5,6.7,1.12,2.2,3.95,2.37,,,,,,,,,,34,10,5.6,3.55,3.7,5.8,,
2026-05-05,周二007,,,-9,1.5,3.95,4.8,2.69,3.2,2.25,,,,,,,,,,11.5,5,3.55,3.35,5.2,9.5,,
2026-05-05,周二008,,,-1,6.1,3.75,1.43,2.4,2.92,2.7,,,,,,,,,,10,4.4,3,3.45,6.3,13,,
2026-05-05,周二009,,,-1,4.6,3.1,1.7,1.88,3.1,3.65,,,,,,,,,,6.8,3.2,3.25,3.95,8,18,,
2026-05-06,周三001,,,-1,2.22,3.1,2.81,4.95,3.9,1.49,,,,,,,,,,11,4,3.35,3.55,6,11.5,,
2026-05-06,周三002,,,-1,1.72,3.3,4.08,3.6,3.25,1.84,,,,,,,,,,10.5,4.55,3.4,3.35,5.25,12,,
2026-05-06,周三003,,,-1,1.97,3.1,3.35,4.28,3.55,1.63,,,,,,,,,,8.5,4,3.3,3.75,6.2,13,,
2026-05-06,周三004,,,-1,2.15,3.15,2.88,4.9,3.75,1.52,,,,,,,,,,11,4.7,3.5,3.6,5.6,9.5,,
2026-05-06,周三005,,,-9,1.83,3.9,3.06,3.45,3.82,1.73,,,,,,,,,,22,7.6,4.55,3.2,3.9,6.9,,
2026-05-06,周三006,,,-9,1.2,5.5,8.75,1.68,3.9,3.6,,,,,,,,,,24,8,4.75,3.3,4,6.5,,
2026-05-06,周三007,,,-9,1.5,5,3.8,2.36,3.83,2.25,,,,,,,,,,40,14.5,7,4.6,4.25,5,,
2026-05-06,周三008,,,-1,2.03,3,3.3,4.6,3.55,1.59,,,,,,,,,,7.8,3.9,2.95,3.55,7.45,16,,
2026-05-06,周三009,,,-1,2.9,2.67,2.44,7.85,4.3,1.3,,,,,,,,,,6.2,3.25,2.85,4.3,8.8,23,,
2026-05-06,周二001,,,-1,1.23,4.9,9,1.83,3.62,3.26,,,,,,,,,,14,5,3.5,3.55,5.2,8.8,,
2026-05-06,周二002,,,-1,1.74,3,4.52,3.88,3.1,1.82,,,,,,,,,,7.5,3.55,3.15,3.95,7,16,,
2026-05-06,周二003,,,-1,1.5,3.7,5.2,2.85,3.02,2.24,,,,,,,,,,10.5,5,3.45,3.55,5.65,9.5,,
2026-05-06,周二004,,,-1,5,3.8,1.5,2.19,3.35,2.68,,,,,,,,,,14,5.65,3.5,3.5,4.8,8.8,,
2026-05-06,周二005,,,-9,2.23,3.3,2.65,4.7,4.15,1.48,,,,,,,,,,14,5.85,3.75,3.2,4.5,8.7,,
2026-05-06,周二006,,,-9,11.5,6.7,1.12,2.2,3.95,2.37,,,,,,,,,,34,10,5.6,3.55,3.7,5.8,,
2026-05-06,周二007,,,-9,1.5,3.95,4.8,2.69,3.2,2.25,,,,,,,,,,11.5,5,3.55,3.35,5.2,9.5,,
2026-05-06,周二008,,,-1,6.1,3.75,1.43,2.4,2.92,2.7,,,,,,,,,,10,4.4,3,3.45,6.3,13,,
2026-05-06,周二009,,,-1,4.6,3.1,1.7,1.88,3.1,3.65,,,,,,,,,,6.8,3.2,3.25,3.95,8,18,,
2026-05-07,周三001,,,-1,2.22,3.1,2.81,4.95,3.9,1.49,,,,,,,,,,11,4,3.35,3.55,6,11.5,,
2026-05-07,周三002,,,-1,1.72,3.3,4.08,3.6,3.25,1.84,,,,,,,,,,10.5,4.55,3.4,3.35,5.25,12,,
2026-05-07,周三003,,,-1,1.97,3.1,3.35,4.28,3.55,1.63,,,,,,,,,,8.5,4,3.3,3.75,6.2,13,,
2026-05-07,周三004,,,-1,2.15,3.15,2.88,4.9,3.75,1.52,,,,,,,,,,11,4.7,3.5,3.6,5.6,9.5,,
2026-05-07,周三005,,,-9,1.83,3.9,3.06,3.45,3.82,1.73,,,,,,,,,,22,7.6,4.55,3.2,3.9,6.9,,
2026-05-07,周三006,,,-9,1.2,5.5,8.75,1.68,3.9,3.6,,,,,,,,,,24,8,4.75,3.3,4,6.5,,
2026-05-07,周三007,,,-9,1.5,5,3.8,2.36,3.83,2.25,,,,,,,,,,40,14.5,7,4.6,4.25,5,,
2026-05-07,周三008,,,-1,2.03,3,3.3,4.6,3.55,1.59,,,,,,,,,,7.8,3.9,2.95,3.55,7.45,16,,
2026-05-07,周三009,,,-1,2.9,2.67,2.44,7.85,4.3,1.3,,,,,,,,,,6.2,3.25,2.85,4.3,8.8,23,,
2026-05-07,周四001,,,-9,8.7,6,1.18,1.98,3.83,2.75,,,,,,,,,,31,9.25,5.5,3.5,3.65,6,,
2026-05-07,周四002,,,-9,1.53,3.72,4.85,3.25,2.84,2.13,,,,,,,,,,12,4.85,3.5,3.2,5.05,10,,
2026-05-07,周四003,,,-9,1.58,3.68,4.45,3,3.15,2.09,,,,,,,,,,12.5,5.4,3.35,3.3,4.9,9.75,,
2026-05-07,周四004,,,-9,1.81,3.35,3.6,3.6,3.55,1.76,,,,,,,,,,12,5,3.3,3.3,5.75,9.75,,
2026-05-07,周四005,,,-1,1.4,3.95,6.2,2.46,3.15,2.47,,,,,,,,,,12,4.6,3.05,3.35,5.95,11.5,,
2026-05-07,周四006,,,-1,5.15,3.4,1.56,2.12,2.82,3.3,,,,,,,,,,9.25,3.65,3.2,3.55,6.6,13.5,,
2026-05-08,周五001,,,-1,4.45,3.8,1.56,2.1,3.5,2.72,,,,,,,,,,17,4.4,4,3.8,4.9,7.5,,
2026-05-08,周五002,,,-1,2.7,3.4,2.15,5.95,4.65,1.34,,,,,,,,,,13,5.9,3.9,3.4,4.7,8,,
2026-05-08,周五003,,,-9,1.26,5.4,6.65,1.81,4.06,3.02,,,,,,,,,,31,9.5,5.1,3.55,3.9,5.75,,
2026-05-08,周五004,,,-9,3.22,3.55,1.86,1.71,3.8,3.55,,,,,,,,,,19,6.7,4.25,3.25,4.1,7.6,,
2026-05-08,周五005,,,-1,1.67,3.5,4.1,3.36,3.24,1.91,,,,,,,,,,12,5.05,3.35,3.2,5.6,10.5,,
2026-05-08,周五006,,,-1,2.69,3.5,2.12,1.54,3.95,4.4,,,,,,,,,,17,6.75,4.1,3.25,4.4,7.2,,
2026-05-08,周五007,,,-1,1.52,4.05,4.45,2.66,3.45,2.16,,,,,,,,,,16,6.1,4,3.45,4.6,7.5,,
2026-05-08,周五008,,,-9,1.58,4.05,4,2.53,3.95,2.08,,,,,,,,,,28,9.5,5.15,3.4,3.8,6,,
2026-05-08,周五009,,,-9,2.47,2.82,2.7,5.66,4.1,1.41,,,,,,,,,,11,5.05,2.7,3.5,6.2,12,,
2026-05-08,周五010,,,-9,1.3,4.9,6.4,1.98,3.65,2.85,,,,,,,,,,23,7.5,4.55,3.1,3.95,7.25,,
2026-05-08,周五011,,,-9,2.96,2.8,2.3,1.48,3.85,5.15,,,,,,,,,,10,3.85,3.1,3.5,6.7,13,,
2026-05-08,周五012,,,-9,2.37,2.78,2.88,5.9,3.7,1.45,,,,,,,,,,11,4.35,3,3.4,6.2,12.5,,
2026-05-08,周四001,,,-9,8.7,6,1.18,1.98,3.83,2.75,,,,,,,,,,31,9.25,5.5,3.5,3.65,6,,
2026-05-08,周四002,,,-9,1.53,3.72,4.85,3.25,2.84,2.13,,,,,,,,,,12,4.85,3.5,3.2,5.05,10,,
2026-05-08,周四003,,,-9,1.58,3.68,4.45,3,3.15,2.09,,,,,,,,,,12.5,5.4,3.35,3.3,4.9,9.75,,
2026-05-08,周四004,,,-9,1.81,3.35,3.6,3.6,3.55,1.76,,,,,,,,,,12,5,3.3,3.3,5.75,9.75,,
2026-05-08,周四005,,,-1,1.4,3.95,6.2,2.46,3.15,2.47,,,,,,,,,,12,4.6,3.05,3.35,5.95,11.5,,
2026-05-08,周四006,,,-1,5.15,3.4,1.56,2.12,2.82,3.3,,,,,,,,,,9.25,3.65,3.2,3.55,6.6,13.5,,
2026-05-09,周五001,,,-1,4.45,3.8,1.56,2.1,3.5,2.72,,,,,,,,,,17,4.4,4,3.8,4.9,7.5,,
2026-05-09,周五002,,,-1,2.7,3.4,2.15,5.95,4.65,1.34,,,,,,,,,,13,5.9,3.9,3.4,4.7,8,,
2026-05-09,周五003,,,-9,1.26,5.4,6.65,1.81,4.06,3.02,,,,,,,,,,31,9.5,5.1,3.55,3.9,5.75,,
2026-05-09,周五004,,,-9,3.22,3.55,1.86,1.71,3.8,3.55,,,,,,,,,,19,6.7,4.25,3.25,4.1,7.6,,
2026-05-09,周五005,,,-1,1.67,3.5,4.1,3.36,3.24,1.91,,,,,,,,,,12,5.05,3.35,3.2,5.6,10.5,,
2026-05-09,周五006,,,-1,2.69,3.5,2.12,1.54,3.95,4.4,,,,,,,,,,17,6.75,4.1,3.25,4.4,7.2,,
2026-05-09,周五007,,,-1,1.52,4.05,4.45,2.66,3.45,2.16,,,,,,,,,,16,6.1,4,3.45,4.6,7.5,,
2026-05-09,周五008,,,-9,1.58,4.05,4,2.53,3.95,2.08,,,,,,,,,,28,9.5,5.15,3.4,3.8,6,,
2026-05-09,周五009,,,-9,2.47,2.82,2.7,5.66,4.1,1.41,,,,,,,,,,11,5.05,2.7,3.5,6.2,12,,
2026-05-09,周五010,,,-9,1.3,4.9,6.4,1.98,3.65,2.85,,,,,,,,,,23,7.5,4.55,3.1,3.95,7.25,,
2026-05-09,周五011,,,-9,2.96,2.8,2.3,1.48,3.85,5.15,,,,,,,,,,10,3.85,3.1,3.5,6.7,13,,
2026-05-09,周五012,,,-9,2.37,2.78,2.88,5.9,3.7,1.45,,,,,,,,,,11,4.35,3,3.4,6.2,12.5,,
2026-05-09,周六001,,,-1,1.98,3.15,3.26,3.95,3.87,1.62,,,,,,,,,,16,5.7,3.85,3.4,4.55,8.5,,
2026-05-09,周六002,,,-1,1.56,3.75,4.5,2.95,3.25,2.08,,,,,,,,,,14,5.6,3.6,3.4,5.1,8.5,,
2026-05-09,周六003,,,-1,5.8,3.95,1.42,2.46,3.25,2.41,,,,,,,,,,10,3.95,3.2,3.7,6.3,12,,
2026-05-09,周六004,,,-1,1.91,3,3.68,4.32,3.35,1.67,,,,,,,,,,7.8,3.85,3.2,3.95,7,12,,
2026-05-09,周六005,,,-9,3.65,3.75,1.7,1.87,3.48,3.25,,,,,,,,,,20,7,4.25,3.3,4.4,7,,
2026-05-09,周六006,,,-9,1.83,3.65,3.24,3.43,3.75,1.75,,,,,,,,,,17,6.25,4.05,3.6,4.5,7.5,,
2026-05-09,周六007,,,-9,1.99,3.05,3.35,4.15,3.7,1.62,,,,,,,,,,13,5.1,3.35,3.45,5.2,9,,
2026-05-09,周六008,,,-9,2.01,3.2,3.13,4.35,3.65,1.6,,,,,,,,,,12,5.1,3.5,3.45,5.2,9,,
2026-05-09,周六009,,,-1,1.83,3.65,3.24,3.48,3.7,1.75,,,,,,,,,,15,5.6,3.9,3.5,4.65,8,,
2026-05-09,周六010,,,-1,1.38,4.1,6.2,2.38,3.15,2.55,,,,,,,,,,13,5.1,3.5,3.4,5.2,9,,
2026-05-09,周六011,,,-9,2.43,2.7,2.88,5.95,3.9,1.42,,,,,,,,,,8.5,3.5,3.4,3.6,6.5,15,,
2026-05-09,周六012,,,-1,3.5,3.18,1.89,1.68,3.5,4.05,,,,,,,,,,9.5,4.1,3.15,3.7,6.3,12,,
2026-05-09,周六013,,,-1,4.95,4.2,1.45,2.35,3.3,2.5,,,,,,,,,,16,5.9,3.95,3.5,4.55,7.5,,
2026-05-09,周六014,,,-9,1.76,3.8,3.35,3.3,3.7,1.8,,,,,,,,,,25,8,4.7,3.65,4.15,6.3,,
2026-05-09,周六015,,,-9,1.32,4.95,5.9,1.94,3.93,2.78,,,,,,,,,,30,9.15,4.9,3.7,4.05,5.75,,
2026-05-09,周六016,,,-9,2.01,3.8,2.71,3.8,4.15,1.6,,,,,,,,,,35,11,5.75,4.3,4,5.2,,
2026-05-09,周六017,,,-9,1.19,5.65,9,2.73,3.8,2,,,,,,,,,,30,9,5.2,3.55,3.8,6.1,,
2026-05-09,周六018,,,-9,3.4,3.4,1.85,1.72,3.8,3.52,,,,,,,,,,14,5.7,3.75,3.6,4.55,8.2,,
2026-05-09,周六019,,,-9,2.68,3.17,2.27,1.47,4.08,4.9,,,,,,,,,,20,6.8,4.2,3.2,4,7.7,,
2026-05-09,周六020,,,-9,1.8,2.9,4.4,3.9,3.15,1.8,,,,,,,,,,8,3.8,3,3.75,7.3,14,,
2026-05-09,周六021,,,-9,1.76,3.6,3.53,3.42,3.55,1.8,,,,,,,,,,15,5.5,3.8,3.35,4.7,8.5,,
2026-05-09,周六022,,,-9,3.57,3.3,1.83,1.73,3.7,3.56,,,,,,,,,,13,5.1,3.4,3.6,5.45,8.75,,
2026-05-09,周六023,,,-9,1.23,5.5,7.45,1.75,4,3.25,,,,,,,,,,28,8.5,4.9,3.5,4.05,5.8,,
2026-05-09,周六024,,,-9,4.7,4.95,1.4,2.44,4.1,2.1,,,,,,,,,,50,13,6.25,4.3,4.3,4.9,,
2026-05-09,周六025,,,-9,1.87,3.35,3.38,3.76,3.5,1.73,,,,,,,,,,16,6,3.8,3.4,4.65,7.75,,
2026-05-09,周六026,,,-1,4.18,4.15,1.54,2.11,3.65,2.62,,,,,,,,,,28,8.5,4.75,3.7,4.25,5.6,,
2026-05-09,周六027,,,-9,6.9,5.25,1.26,3.03,3.7,1.89,,,,,,,,,,26,8,4.8,3.35,4,6.4,,
2026-05-09,周六028,,,-9,2.09,3.27,2.9,4.45,3.85,1.55,,,,,,,,,,15,5.3,3.7,3.4,4.9,8.25,,
2026-05-09,周六029,,,-9,6.9,4.3,1.33,2.79,3.18,2.19,,,,,,,,,,12.5,4.5,3.35,3.4,5.5,10,,
2026-05-09,周六030,,,-9,2.5,3.25,2.37,5.35,4.4,1.4,,,,,,,,,,16,6,3.85,3.4,4.8,7.5,,
2026-05-10,周六001,,,-1,1.98,3.15,3.26,3.95,3.87,1.62,,,,,,,,,,16,5.7,3.85,3.4,4.55,8.5,,
2026-05-10,周六002,,,-1,1.56,3.75,4.5,2.95,3.25,2.08,,,,,,,,,,14,5.6,3.6,3.4,5.1,8.5,,
2026-05-10,周六003,,,-1,5.8,3.95,1.42,2.46,3.25,2.41,,,,,,,,,,10,3.95,3.2,3.7,6.3,12,,
2026-05-10,周六004,,,-1,1.91,3,3.68,4.32,3.35,1.67,,,,,,,,,,7.8,3.85,3.2,3.95,7,12,,
2026-05-10,周六005,,,-9,3.65,3.75,1.7,1.87,3.48,3.25,,,,,,,,,,20,7,4.25,3.3,4.4,7,,
2026-05-10,周六006,,,-9,1.83,3.65,3.24,3.43,3.75,1.75,,,,,,,,,,17,6.25,4.05,3.6,4.5,7.5,,
2026-05-10,周六007,,,-9,1.99,3.05,3.35,4.15,3.7,1.62,,,,,,,,,,13,5.1,3.35,3.45,5.2,9,,
2026-05-10,周六008,,,-9,2.01,3.2,3.13,4.35,3.65,1.6,,,,,,,,,,12,5.1,3.5,3.45,5.2,9,,
2026-05-10,周六009,,,-1,1.83,3.65,3.24,3.48,3.7,1.75,,,,,,,,,,15,5.6,3.9,3.5,4.65,8,,
2026-05-10,周六010,,,-1,1.38,4.1,6.2,2.38,3.15,2.55,,,,,,,,,,13,5.1,3.5,3.4,5.2,9,,
2026-05-10,周六011,,,-9,2.43,2.7,2.88,5.95,3.9,1.42,,,,,,,,,,8.5,3.5,3.4,3.6,6.5,15,,
2026-05-10,周六012,,,-1,3.5,3.18,1.89,1.68,3.5,4.05,,,,,,,,,,9.5,4.1,3.15,3.7,6.3,12,,
2026-05-10,周六013,,,-1,4.95,4.2,1.45,2.35,3.3,2.5,,,,,,,,,,16,5.9,3.95,3.5,4.55,7.5,,
2026-05-10,周六014,,,-9,1.76,3.8,3.35,3.3,3.7,1.8,,,,,,,,,,25,8,4.7,3.65,4.15,6.3,,
2026-05-10,周六015,,,-9,1.32,4.95,5.9,1.94,3.93,2.78,,,,,,,,,,30,9.15,4.9,3.7,4.05,5.75,,
2026-05-10,周六016,,,-9,2.01,3.8,2.71,3.8,4.15,1.6,,,,,,,,,,35,11,5.75,4.3,4,5.2,,
2026-05-10,周六017,,,-9,1.19,5.65,9,2.73,3.8,2,,,,,,,,,,30,9,5.2,3.55,3.8,6.1,,
2026-05-10,周六018,,,-9,3.4,3.4,1.85,1.72,3.8,3.52,,,,,,,,,,14,5.7,3.75,3.6,4.55,8.2,,
2026-05-10,周六019,,,-9,2.68,3.17,2.27,1.47,4.08,4.9,,,,,,,,,,20,6.8,4.2,3.2,4,7.7,,
2026-05-10,周六020,,,-9,1.8,2.9,4.4,3.9,3.15,1.8,,,,,,,,,,8,3.8,3,3.75,7.3,14,,
2026-05-10,周六021,,,-9,1.76,3.6,3.53,3.42,3.55,1.8,,,,,,,,,,15,5.5,3.8,3.35,4.7,8.5,,
2026-05-10,周六022,,,-9,3.57,3.3,1.83,1.73,3.7,3.56,,,,,,,,,,13,5.1,3.4,3.6,5.45,8.75,,
2026-05-10,周六023,,,-9,1.23,5.5,7.45,1.75,4,3.25,,,,,,,,,,28,8.5,4.9,3.5,4.05,5.8,,
2026-05-10,周六024,,,-9,4.7,4.95,1.4,2.44,4.1,2.1,,,,,,,,,,50,13,6.25,4.3,4.3,4.9,,
2026-05-10,周六025,,,-9,1.87,3.35,3.38,3.76,3.5,1.73,,,,,,,,,,16,6,3.8,3.4,4.65,7.75,,
2026-05-10,周六026,,,-1,4.18,4.15,1.54,2.11,3.65,2.62,,,,,,,,,,28,8.5,4.75,3.7,4.25,5.6,,
2026-05-10,周六027,,,-9,6.9,5.25,1.26,3.03,3.7,1.89,,,,,,,,,,26,8,4.8,3.35,4,6.4,,
2026-05-10,周六028,,,-9,2.09,3.27,2.9,4.45,3.85,1.55,,,,,,,,,,15,5.3,3.7,3.4,4.9,8.25,,
2026-05-10,周六029,,,-9,6.9,4.3,1.33,2.79,3.18,2.19,,,,,,,,,,12.5,4.5,3.35,3.4,5.5,10,,
2026-05-10,周六030,,,-9,2.5,3.25,2.37,5.35,4.4,1.4,,,,,,,,,,16,6,3.85,3.4,4.8,7.5,,
2026-05-10,周日001,,,-1,1.51,3.55,5.4,2.86,3.12,2.18,,,,,,,,,,11,4.55,3.25,3.6,5.8,9.6,,
2026-05-10,周日002,,,-1,3.45,3.14,1.92,1.66,3.62,4,,,,,,,,,,13,4.95,3.45,3.45,5.3,9,,
2026-05-10,周日003,,,-1,1.9,3.35,3.28,3.75,3.75,1.68,,,,,,,,,,14,5.5,3.8,3.6,4.8,8,,
2026-05-10,周日004,,,-1,4,3.25,1.75,1.83,3.2,3.7,,,,,,,,,,10,4.2,3.3,3.8,6,10.5,,
2026-05-10,周日005,,,-9,8.55,4.7,1.25,3.18,3.32,1.95,,,,,,,,,,12,4.75,3.45,3.3,5.45,9.55,,
2026-05-10,周日006,,,-9,3.05,3.56,1.92,1.66,3.9,3.7,,,,,,,,,,19,6.8,4.1,3.55,4.4,7.5,,
2026-05-10,周日007,,,-9,2.15,3.4,2.7,4.7,3.8,1.53,,,,,,,,,,15,6.05,3.65,3.4,4.75,8,,
2026-05-10,周日008,,,-1,2.38,3.45,2.39,1.44,4.25,5,,,,,,,,,,16,6,3.95,3.5,4.65,7.7,,
2026-05-10,周日009,,,-9,5.95,4.65,1.34,2.65,3.25,2.25,,,,,,,,,,15,5.85,3.8,3.4,4.8,7.75,,
2026-05-10,周日010,,,-9,2.72,2.8,2.48,1.4,4.22,5.6,,,,,,,,,,11,4.9,3,3.55,5.7,11,,
2026-05-10,周日011,,,-9,2.98,3.4,2,1.63,3.8,3.95,,,,,,,,,,13,5.4,3.6,3.55,5,8.25,,
2026-05-10,周日012,,,-9,1.66,3.35,4.38,3.38,3.2,1.92,,,,,,,,,,9.5,3.8,3.5,3.5,6.35,12,,
2026-05-10,周日013,,,-9,1.83,2.95,4.1,3.9,3.25,1.77,,,,,,,,,,10,4.3,3.05,3.6,6.5,13,,
2026-05-10,周日014,,,-9,2.8,3.2,2.18,1.51,4,4.6,,,,,,,,,,17,6.25,3.85,3.45,4.6,7.5,,
2026-05-10,周日015,,,-9,1.5,3.58,5.45,2.95,2.92,2.23,,,,,,,,,,11,4.5,3.1,3.35,6.15,12,,
2026-05-10,周日016,,,-9,1.76,3.75,3.4,3.18,3.85,1.8,,,,,,,,,,22,7.65,4.5,3.8,4.3,6.5,,
2026-05-10,周日017,,,-9,1.45,4.36,4.75,2.36,3.7,2.3,,,,,,,,,,25,8.25,4.6,3.7,4.25,5.9,,
2026-05-10,周日018,,,-9,2.7,3.65,2.06,1.58,3.95,4.12,,,,,,,,,,18,6.5,4.2,3.65,4.6,6.75,,
2026-05-10,周日019,,,-9,5.8,4.4,1.37,2.54,3.35,2.29,,,,,,,,,,13,5,3.6,3.65,5,9,,
2026-05-10,周日020,,,-9,1.92,3.75,2.93,3.55,4.1,1.66,,,,,,,,,,29,9.5,5.15,3.25,3.7,6.25,,
2026-05-10,周日021,,,-9,8,4.5,1.28,2.92,3.05,2.18,,,,,,,,,,11,4.5,3,3.5,6.35,11.5,,
2026-05-10,周日022,,,-9,2.8,2.75,2.45,1.41,3.8,6.35,,,,,,,,,,6,3.25,2.95,4.2,9,20,,
2026-05-10,周日023,,,-9,1.55,3.8,4.55,2.75,3.4,2.12,,,,,,,,,,16,6,3.85,3.25,4.4,8,,
2026-05-10,周日024,,,-9,1.35,4.5,6,2.14,3.43,2.7,,,,,,,,,,18,6.4,3.95,3.3,4.4,7.4,,
2026-05-10,周日025,,,-9,1.92,3.06,3.55,4.22,3.45,1.66,,,,,,,,,,13,5,3.3,3.3,5.4,10,,
2026-05-10,周日026,,,-9,1.54,4.25,4.1,2.5,3.78,2.15,,,,,,,,,,32,10,5.45,3.8,4.1,5.25,,
2026-05-10,周日027,,,-9,2.26,2.9,2.92,5.1,3.88,1.48,,,,,,,,,,11,4.5,3.5,3.45,5.5,10.5,,
2026-05-10,周日029,,,-9,2.32,3.25,2.56,5.05,4.15,1.45,,,,,,,,,,19,6.2,4,3.4,4.5,7.2,,
2026-05-10,周日030,,,-1,2.25,3.25,2.65,4.75,3.97,1.5,,,,,,,,,,15,5.75,3.75,3.4,4.8,7.75,,
2026-05-11,周一001,,,-9,2.06,3.34,2.9,4.2,3.75,1.6,,,,,,,,,,18,5.9,4.15,3.35,4.5,7.15,,
2026-05-11,周一003,,,-9,3.92,3.9,1.62,1.98,3.35,3.08,,,,,,,,,,16,5.7,3.85,3.3,4.75,8,,
2026-05-11,周一004,,,-9,1.39,3.95,6.4,2.48,3.1,2.48,,,,,,,,,,12,5,3.2,3.2,5.8,10.5,,
2026-05-11,周一005,,,-9,1.64,3.6,4.15,3.3,3.1,1.99,,,,,,,,,,14,5.5,3.6,3.05,5.2,9,,
2026-05-11,周一006,,,-9,1.6,3.45,4.65,3.19,3.05,2.05,,,,,,,,,,11,4.95,3.1,3.45,5.5,10.5,,
2026-05-11,周一007,,,-9,2.36,2.85,2.82,5.4,4.1,1.43,,,,,,,,,,11.5,4.85,3.1,3.35,5.6,11,,
2026-05-11,周一009,,,-9,3.38,3.08,1.97,1.62,3.65,4.2,,,,,,,,,,12,4.8,3.5,3.4,5.3,9.4,,
2026-05-11,周一010,,,-9,1.28,4.7,7.4,2.04,3.25,3.02,,,,,,,,,,17,5.9,3.85,3.25,4.4,8.3,,
2026-05-11,周日001,,,-1,1.51,3.55,5.4,2.86,3.12,2.18,,,,,,,,,,11,4.55,3.25,3.6,5.8,9.6,,
2026-05-11,周日002,,,-1,3.45,3.14,1.92,1.66,3.62,4,,,,,,,,,,13,4.95,3.45,3.45,5.3,9,,
2026-05-11,周日003,,,-1,1.9,3.35,3.28,3.75,3.75,1.68,,,,,,,,,,14,5.5,3.8,3.6,4.8,8,,
2026-05-11,周日004,,,-1,4,3.25,1.75,1.83,3.2,3.7,,,,,,,,,,10,4.2,3.3,3.8,6,10.5,,
2026-05-11,周日005,,,-9,8.55,4.7,1.25,3.18,3.32,1.95,,,,,,,,,,12,4.75,3.45,3.3,5.45,9.55,,
2026-05-11,周日006,,,-9,3.05,3.56,1.92,1.66,3.9,3.7,,,,,,,,,,19,6.8,4.1,3.55,4.4,7.5,,
2026-05-11,周日007,,,-9,2.15,3.4,2.7,4.7,3.8,1.53,,,,,,,,,,15,6.05,3.65,3.4,4.75,8,,
2026-05-11,周日008,,,-1,2.38,3.45,2.39,1.44,4.25,5,,,,,,,,,,16,6,3.95,3.5,4.65,7.7,,
2026-05-11,周日009,,,-9,5.95,4.65,1.34,2.65,3.25,2.25,,,,,,,,,,15,5.85,3.8,3.4,4.8,7.75,,
2026-05-11,周日010,,,-9,2.72,2.8,2.48,1.4,4.22,5.6,,,,,,,,,,11,4.9,3,3.55,5.7,11,,
2026-05-11,周日011,,,-9,2.98,3.4,2,1.63,3.8,3.95,,,,,,,,,,13,5.4,3.6,3.55,5,8.25,,
2026-05-11,周日012,,,-9,1.66,3.35,4.38,3.38,3.2,1.92,,,,,,,,,,9.5,3.8,3.5,3.5,6.35,12,,
2026-05-11,周日013,,,-9,1.83,2.95,4.1,3.9,3.25,1.77,,,,,,,,,,10,4.3,3.05,3.6,6.5,13,,
2026-05-11,周日014,,,-9,2.8,3.2,2.18,1.51,4,4.6,,,,,,,,,,17,6.25,3.85,3.45,4.6,7.5,,
2026-05-11,周日015,,,-9,1.5,3.58,5.45,2.95,2.92,2.23,,,,,,,,,,11,4.5,3.1,3.35,6.15,12,,
2026-05-11,周日016,,,-9,1.76,3.75,3.4,3.18,3.85,1.8,,,,,,,,,,22,7.65,4.5,3.8,4.3,6.5,,
2026-05-11,周日017,,,-9,1.45,4.36,4.75,2.36,3.7,2.3,,,,,,,,,,25,8.25,4.6,3.7,4.25,5.9,,
2026-05-11,周日018,,,-9,2.7,3.65,2.06,1.58,3.95,4.12,,,,,,,,,,18,6.5,4.2,3.65,4.6,6.75,,
2026-05-11,周日019,,,-9,5.8,4.4,1.37,2.54,3.35,2.29,,,,,,,,,,13,5,3.6,3.65,5,9,,
2026-05-11,周日020,,,-9,1.92,3.75,2.93,3.55,4.1,1.66,,,,,,,,,,29,9.5,5.15,3.25,3.7,6.25,,
2026-05-11,周日021,,,-9,8,4.5,1.28,2.92,3.05,2.18,,,,,,,,,,11,4.5,3,3.5,6.35,11.5,,
2026-05-11,周日022,,,-9,2.8,2.75,2.45,1.41,3.8,6.35,,,,,,,,,,6,3.25,2.95,4.2,9,20,,
2026-05-11,周日023,,,-9,1.55,3.8,4.55,2.75,3.4,2.12,,,,,,,,,,16,6,3.85,3.25,4.4,8,,
2026-05-11,周日024,,,-9,1.35,4.5,6,2.14,3.43,2.7,,,,,,,,,,18,6.4,3.95,3.3,4.4,7.4,,
2026-05-11,周日025,,,-9,1.92,3.06,3.55,4.22,3.45,1.66,,,,,,,,,,13,5,3.3,3.3,5.4,10,,
2026-05-11,周日026,,,-9,1.54,4.25,4.1,2.5,3.78,2.15,,,,,,,,,,32,10,5.45,3.8,4.1,5.25,,
2026-05-11,周日027,,,-9,2.26,2.9,2.92,5.1,3.88,1.48,,,,,,,,,,11,4.5,3.5,3.45,5.5,10.5,,
2026-05-11,周日029,,,-9,2.32,3.25,2.56,5.05,4.15,1.45,,,,,,,,,,19,6.2,4,3.4,4.5,7.2,,
2026-05-11,周日030,,,-1,2.25,3.25,2.65,4.75,3.97,1.5,,,,,,,,,,15,5.75,3.75,3.4,4.8,7.75,,
2026-05-12,周一001,,,-9,2.06,3.34,2.9,4.2,3.75,1.6,,,,,,,,,,18,5.9,4.15,3.35,4.5,7.15,,
2026-05-12,周一003,,,-9,3.92,3.9,1.62,1.98,3.35,3.08,,,,,,,,,,16,5.7,3.85,3.3,4.75,8,,
2026-05-12,周一004,,,-9,1.39,3.95,6.4,2.48,3.1,2.48,,,,,,,,,,12,5,3.2,3.2,5.8,10.5,,
2026-05-12,周一005,,,-9,1.64,3.6,4.15,3.3,3.1,1.99,,,,,,,,,,14,5.5,3.6,3.05,5.2,9,,
2026-05-12,周一006,,,-9,1.6,3.45,4.65,3.19,3.05,2.05,,,,,,,,,,11,4.95,3.1,3.45,5.5,10.5,,
2026-05-12,周一007,,,-9,2.36,2.85,2.82,5.4,4.1,1.43,,,,,,,,,,11.5,4.85,3.1,3.35,5.6,11,,
2026-05-12,周一009,,,-9,3.38,3.08,1.97,1.62,3.65,4.2,,,,,,,,,,12,4.8,3.5,3.4,5.3,9.4,,
2026-05-12,周一010,,,-9,1.28,4.7,7.4,2.04,3.25,3.02,,,,,,,,,,17,5.9,3.85,3.25,4.4,8.3,,
2026-05-12,周二001,,,-1,3.2,2.6,2.32,9.25,4.55,1.25,,,,,,,,,,6.5,3.2,2.95,4.5,8.75,17,,
2026-05-12,周二002,,,-1,7,4.6,1.3,2.82,3.45,2.06,,,,,,,,,,11,5,3.55,3.3,4.9,11,,
2026-05-12,周二003,,,-9,1.74,3.52,3.7,3.6,3.28,1.83,,,,,,,,,,14,5.7,3.45,3.15,4.8,10,,
2026-05-12,周二004,,,-9,2.18,3.14,2.84,4.4,4.18,1.51,,,,,,,,,,25,8.1,4.3,3.2,3.9,7,,
2026-05-12,周二005,,,-9,1.44,4.1,5.25,2.6,3.05,2.4,,,,,,,,,,17,6.3,3.9,3.15,4.6,7.75,,
2026-05-12,周二006,,,-9,2.18,2.75,3.26,5.25,3.62,1.51,,,,,,,,,,10.5,4.6,3.1,3.45,5.8,11.5,,
2026-05-12,周二007,,,-9,2.17,3.15,2.85,4.7,3.94,1.51,,,,,,,,,,14,5.9,3.6,3.3,4.8,8.5,,
2026-05-12,周二008,,,-9,2.45,3,2.58,5.6,4.15,1.41,,,,,,,,,,14.5,4.85,3.35,3.35,5.5,9.25,,
2026-05-13,周三001,,,-1,1.69,3.3,4.28,3.52,3.2,1.88,,,,,,,,,,10,4.7,3.2,3.45,6,11,,
2026-05-13,周三002,,,-1,4.95,3.08,1.66,1.92,3.02,3.6,,,,,,,,,,9.25,3.95,3.3,3.6,6.15,13,,
2026-05-13,周三003,,,-9,1.79,3.4,3.62,3.7,3.4,1.77,,,,,,,,,,13,5.25,3.65,3.25,4.75,9.6,,
2026-05-13,周三004,,,-9,2.67,2.82,2.5,1.39,4.1,6.05,,,,,,,,,,9.5,4.2,3.05,3.3,6.9,14,,
2026-05-13,周三005,,,-9,2.6,2.9,2.5,1.4,4.3,5.5,,,,,,,,,,14,5.9,3.8,3.3,4.7,8.35,,
2026-05-13,周三007,,,-9,4.95,3.45,1.57,2.07,3.35,2.88,,,,,,,,,,11.5,4.7,3.35,3.2,5.8,10.5,,
2026-05-13,周三008,,,-9,3.15,3.85,1.81,1.75,3.7,3.47,,,,,,,,,,24,7.5,4.5,3.35,4.05,6.5,,
2026-05-13,周三009,,,-9,3.2,3.75,1.82,1.75,3.9,3.32,,,,,,,,,,21,6.75,4.2,3.3,4.35,7.1,,
2026-05-13,周三010,,,-9,2.15,2.75,3.33,5.3,3.55,1.52,,,,,,,,,,6,3.5,3,4.2,8.5,17,,
2026-05-13,周三011,,,-1,2.9,4.05,1.86,1.72,4,3.35,,,,,,,,,,38,11,5.45,3.75,4.05,5.25,,
2026-05-13,周三012,,,-1,1.67,3.55,4.01,3.05,3.6,1.91,,,,,,,,,,18,6.5,4.2,3.45,4.45,7,,
2026-05-13,周二001,,,-1,3.2,2.6,2.32,9.25,4.55,1.25,,,,,,,,,,6.5,3.2,2.95,4.5,8.75,17,,
2026-05-13,周二002,,,-1,7,4.6,1.3,2.82,3.45,2.06,,,,,,,,,,11,5,3.55,3.3,4.9,11,,
2026-05-13,周二003,,,-9,1.74,3.52,3.7,3.6,3.28,1.83,,,,,,,,,,14,5.7,3.45,3.15,4.8,10,,
2026-05-13,周二004,,,-9,2.18,3.14,2.84,4.4,4.18,1.51,,,,,,,,,,25,8.1,4.3,3.2,3.9,7,,
2026-05-13,周二005,,,-9,1.44,4.1,5.25,2.6,3.05,2.4,,,,,,,,,,17,6.3,3.9,3.15,4.6,7.75,,
2026-05-13,周二006,,,-9,2.18,2.75,3.26,5.25,3.62,1.51,,,,,,,,,,10.5,4.6,3.1,3.45,5.8,11.5,,
2026-05-13,周二007,,,-9,2.17,3.15,2.85,4.7,3.94,1.51,,,,,,,,,,14,5.9,3.6,3.3,4.8,8.5,,
2026-05-13,周二008,,,-9,2.45,3,2.58,5.6,4.15,1.41,,,,,,,,,,14.5,4.85,3.35,3.35,5.5,9.25,,
2026-05-14,周三001,,,-1,1.69,3.3,4.28,3.52,3.2,1.88,,,,,,,,,,10,4.7,3.2,3.45,6,11,,
2026-05-14,周三002,,,-1,4.95,3.08,1.66,1.92,3.02,3.6,,,,,,,,,,9.25,3.95,3.3,3.6,6.15,13,,
2026-05-14,周三003,,,-9,1.79,3.4,3.62,3.7,3.4,1.77,,,,,,,,,,13,5.25,3.65,3.25,4.75,9.6,,
2026-05-14,周三004,,,-9,2.67,2.82,2.5,1.39,4.1,6.05,,,,,,,,,,9.5,4.2,3.05,3.3,6.9,14,,
2026-05-14,周三005,,,-9,2.6,2.9,2.5,1.4,4.3,5.5,,,,,,,,,,14,5.9,3.8,3.3,4.7,8.35,,
2026-05-14,周三007,,,-9,4.95,3.45,1.57,2.07,3.35,2.88,,,,,,,,,,11.5,4.7,3.35,3.2,5.8,10.5,,
2026-05-14,周三008,,,-9,3.15,3.85,1.81,1.75,3.7,3.47,,,,,,,,,,24,7.5,4.5,3.35,4.05,6.5,,
2026-05-14,周三009,,,-9,3.2,3.75,1.82,1.75,3.9,3.32,,,,,,,,,,21,6.75,4.2,3.3,4.35,7.1,,
2026-05-14,周三010,,,-9,2.15,2.75,3.33,5.3,3.55,1.52,,,,,,,,,,6,3.5,3,4.2,8.5,17,,
2026-05-14,周三011,,,-1,2.9,4.05,1.86,1.72,4,3.35,,,,,,,,,,38,11,5.45,3.75,4.05,5.25,,
2026-05-14,周三012,,,-1,1.67,3.55,4.01,3.05,3.6,1.91,,,,,,,,,,18,6.5,4.2,3.45,4.45,7,,
2026-05-14,周四001,,,-9,2.21,2.55,3.52,4.95,3.85,1.5,,,,,,,,,,10.5,4.3,2.8,3.65,6.4,13,,
2026-05-14,周四002,,,-9,3.14,3.3,1.97,1.62,3.8,4.02,,,,,,,,,,20,7,4.35,3.2,4,7.05,,
2026-05-14,周四003,,,-9,1.12,6.6,11.75,2.36,3.7,2.3,,,,,,,,,,30,10,5.75,3.65,3.7,5.75,,
2026-05-14,周四004,,,-9,1.87,3.25,3.49,3.92,3.5,1.7,,,,,,,,,,15,5.75,3.75,3.15,4.7,9.25,,
2026-05-14,周四005,,,-9,1.17,5.8,9.75,2.59,3.65,2.13,,,,,,,,,,24,8,4.7,3.4,3.9,6.4,,
2026-05-15,周五001,,,-1,2.11,3,3.1,4.6,3.75,1.55,,,,,,,,,,13,5.2,3.75,3.55,5.15,8.5,,
2026-05-15,周五002,,,-9,1.74,3.05,4.4,3.62,3.3,1.82,,,,,,,,,,11,4.25,3.3,3.2,5.9,12.5,,
2026-05-15,周五003,,,-9,1.46,4.1,5,2.64,3.1,2.34,,,,,,,,,,20,7,4.2,3.3,4.25,7,,
2026-05-15,周五004,,,-9,1.65,3.37,4.42,3.25,3.3,1.93,,,,,,,,,,15.5,5.9,3.8,3.1,4.7,8.5,,
2026-05-15,周五005,,,-9,2.85,3.01,2.24,1.48,4.05,4.85,,,,,,,,,,14,5.65,3.7,3.3,4.6,9,,
2026-05-15,周四001,,,-9,2.21,2.55,3.52,4.95,3.85,1.5,,,,,,,,,,10.5,4.3,2.8,3.65,6.4,13,,
2026-05-15,周四002,,,-9,3.14,3.3,1.97,1.62,3.8,4.02,,,,,,,,,,20,7,4.35,3.2,4,7.05,,
2026-05-15,周四003,,,-9,1.12,6.6,11.75,2.36,3.7,2.3,,,,,,,,,,30,10,5.75,3.65,3.7,5.75,,
2026-05-15,周四004,,,-9,1.87,3.25,3.49,3.92,3.5,1.7,,,,,,,,,,15,5.75,3.75,3.15,4.7,9.25,,
2026-05-15,周四005,,,-9,1.17,5.8,9.75,2.59,3.65,2.13,,,,,,,,,,24,8,4.7,3.4,3.9,6.4,,
2026-05-16,周五001,,,-1,2.11,3,3.1,4.6,3.75,1.55,,,,,,,,,,13,5.2,3.75,3.55,5.15,8.5,,
2026-05-16,周五002,,,-9,1.74,3.05,4.4,3.62,3.3,1.82,,,,,,,,,,11,4.25,3.3,3.2,5.9,12.5,,
2026-05-16,周五003,,,-9,1.46,4.1,5,2.64,3.1,2.34,,,,,,,,,,20,7,4.2,3.3,4.25,7,,
2026-05-16,周五004,,,-9,1.65,3.37,4.42,3.25,3.3,1.93,,,,,,,,,,15.5,5.9,3.8,3.1,4.7,8.5,,
2026-05-16,周五005,,,-9,2.85,3.01,2.24,1.48,4.05,4.85,,,,,,,,,,14,5.65,3.7,3.3,4.6,9,,
2026-05-16,周六001,,,-1,2.2,2.75,3.22,5.2,3.7,1.5,,,,,,,,,,6.6,3.35,3.1,4.35,7.6,16,,
2026-05-16,周六002,,,-1,2.86,2.8,2.37,1.45,3.8,5.65,,,,,,,,,,10,4.4,3.4,3.7,6,10,,
2026-05-16,周六003,,,-1,2.92,3.15,2.13,1.55,3.55,4.95,,,,,,,,,,9.5,4.15,3.2,3.7,6,12,,
2026-05-16,周六004,,,-1,2.9,3.2,2.12,1.55,3.75,4.6,,,,,,,,,,12,4.7,3.4,3.1,5.75,10.5,,
2026-05-16,周六005,,,-1,2.08,3.33,2.87,4.3,3.85,1.57,,,,,,,,,,19,7.2,4.1,3.5,4.25,6.6,,
2026-05-16,周六006,,,-1,1.42,3.55,6.95,2.65,2.9,2.46,,,,,,,,,,8.25,3.8,3.3,3.9,6.4,13,,
2026-05-16,周六007,,,-1,1.54,3.85,4.55,2.72,3.35,2.16,,,,,,,,,,21,7,4,3.35,4.5,7,,
2026-05-16,周六008,,,-1,1.41,4.4,5.2,2.22,3.7,2.45,,,,,,,,,,22,6.5,4.4,3.45,4.5,6.5,,
2026-05-16,周六009,,,-1,3.85,3.2,1.8,1.76,3.4,3.75,,,,,,,,,,10,4.3,3.25,3.65,5.8,11.5,,
2026-05-16,周六010,,,-1,1.55,3.6,4.85,3.05,3.07,2.1,,,,,,,,,,10,4,3.3,3.55,6.2,12,,
2026-05-16,周六011,,,-9,1.16,6.7,8.5,2.45,3.9,2.15,,,,,,,,,,41,11.5,6,3.95,3.85,5.3,,
2026-05-16,周六013,,,-9,1.74,4.05,3.25,3.1,3.9,1.82,,,,,,,,,,25,8,4.75,3.5,3.9,6.45,,
2026-05-16,周六014,,,-9,2.46,3.52,2.28,5.45,4.35,1.4,,,,,,,,,,16,5.75,3.9,3.4,4.75,7.85,,
2026-05-16,周六015,,,-9,2.5,3.52,2.25,1.47,4.4,4.5,,,,,,,,,,30,9.25,4.95,3.65,4.15,5.6,,
2026-05-16,周六016,,,-9,3.32,4.3,1.68,1.91,3.95,2.84,,,,,,,,,,39,11,5.75,3.65,3.7,5.7,,
2026-05-16,周六017,,,-9,3.06,4,1.81,1.75,4.05,3.22,,,,,,,,,,30,9,5.1,3.5,3.95,5.9,,
2026-05-16,周六018,,,-9,4.3,4.55,1.48,2.24,3.75,2.4,,,,,,,,,,35,10,5.5,3.8,4,5.3,,
2026-05-16,周六019,,,-9,2.22,3.8,2.41,1.43,4.7,4.6,,,,,,,,,,20,7.25,4.25,3.6,4.3,6.75,,
2026-05-16,周六020,,,-1,4.25,3.72,1.6,2.01,3.48,2.9,,,,,,,,,,17,6.4,3.6,3.35,4.9,7.7,,
2026-05-16,周六021,,,-1,1.29,4.9,6.7,1.92,3.8,2.9,,,,,,,,,,22,7.6,4.6,3.4,4,6.5,,
2026-05-16,周六022,,,-1,2.15,2.85,3.19,4.75,3.8,1.53,,,,,,,,,,12,4.8,3.3,3.35,5.4,10.5,,
2026-05-16,周六023,,,-1,1.51,3.65,5.2,2.72,3.3,2.18,,,,,,,,,,15,5.7,3.35,3.4,5.1,9,,
2026-05-16,周六024,,,-9,1.57,3.7,4.5,3.02,3.22,2.05,,,,,,,,,,14,5.25,3.6,3.3,5,9,,
2026-05-16,周六025,,,-9,1.3,4.5,7.25,1.94,3.72,2.9,,,,,,,,,,20,6.15,4,3.5,4.45,7.4,,
2026-05-16,周六026,,,-9,1.15,6.1,10.5,2.7,3.86,2,,,,,,,,,,23,7.3,4.5,3.75,4.25,6.5,,
2026-05-16,周六028,,,-9,9.5,5.7,1.18,1.91,4,2.81,,,,,,,,,,28,7.7,4.75,3.3,4,6.35,,
2026-05-16,周六029,,,-1,2.55,3.46,2.23,1.49,4.2,4.55,,,,,,,,,,23,7.25,4.3,3.55,4.3,6.25,,
2026-05-16,周六030,,,-1,2.16,3.2,2.83,4.65,3.9,1.52,,,,,,,,,,14,5.65,3.85,3.2,4.85,8.5,,
2026-05-17,周六001,,,-1,2.2,2.75,3.22,5.2,3.7,1.5,,,,,,,,,,6.6,3.35,3.1,4.35,7.6,16,,
2026-05-17,周六002,,,-1,2.86,2.8,2.37,1.45,3.8,5.65,,,,,,,,,,10,4.4,3.4,3.7,6,10,,
2026-05-17,周六003,,,-1,2.92,3.15,2.13,1.55,3.55,4.95,,,,,,,,,,9.5,4.15,3.2,3.7,6,12,,
2026-05-17,周六004,,,-1,2.9,3.2,2.12,1.55,3.75,4.6,,,,,,,,,,12,4.7,3.4,3.1,5.75,10.5,,
2026-05-17,周六005,,,-1,2.08,3.33,2.87,4.3,3.85,1.57,,,,,,,,,,19,7.2,4.1,3.5,4.25,6.6,,
2026-05-17,周六006,,,-1,1.42,3.55,6.95,2.65,2.9,2.46,,,,,,,,,,8.25,3.8,3.3,3.9,6.4,13,,
2026-05-17,周六007,,,-1,1.54,3.85,4.55,2.72,3.35,2.16,,,,,,,,,,21,7,4,3.35,4.5,7,,
2026-05-17,周六008,,,-1,1.41,4.4,5.2,2.22,3.7,2.45,,,,,,,,,,22,6.5,4.4,3.45,4.5,6.5,,
2026-05-17,周六009,,,-1,3.85,3.2,1.8,1.76,3.4,3.75,,,,,,,,,,10,4.3,3.25,3.65,5.8,11.5,,
2026-05-17,周六010,,,-1,1.55,3.6,4.85,3.05,3.07,2.1,,,,,,,,,,10,4,3.3,3.55,6.2,12,,
2026-05-17,周六011,,,-9,1.16,6.7,8.5,2.45,3.9,2.15,,,,,,,,,,41,11.5,6,3.95,3.85,5.3,,
2026-05-17,周六013,,,-9,1.74,4.05,3.25,3.1,3.9,1.82,,,,,,,,,,25,8,4.75,3.5,3.9,6.45,,
2026-05-17,周六014,,,-9,2.46,3.52,2.28,5.45,4.35,1.4,,,,,,,,,,16,5.75,3.9,3.4,4.75,7.85,,
2026-05-17,周六015,,,-9,2.5,3.52,2.25,1.47,4.4,4.5,,,,,,,,,,30,9.25,4.95,3.65,4.15,5.6,,
2026-05-17,周六016,,,-9,3.32,4.3,1.68,1.91,3.95,2.84,,,,,,,,,,39,11,5.75,3.65,3.7,5.7,,
2026-05-17,周六017,,,-9,3.06,4,1.81,1.75,4.05,3.22,,,,,,,,,,30,9,5.1,3.5,3.95,5.9,,
2026-05-17,周六018,,,-9,4.3,4.55,1.48,2.24,3.75,2.4,,,,,,,,,,35,10,5.5,3.8,4,5.3,,
2026-05-17,周六019,,,-9,2.22,3.8,2.41,1.43,4.7,4.6,,,,,,,,,,20,7.25,4.25,3.6,4.3,6.75,,
2026-05-17,周六020,,,-1,4.25,3.72,1.6,2.01,3.48,2.9,,,,,,,,,,17,6.4,3.6,3.35,4.9,7.7,,
2026-05-17,周六021,,,-1,1.29,4.9,6.7,1.92,3.8,2.9,,,,,,,,,,22,7.6,4.6,3.4,4,6.5,,
2026-05-17,周六022,,,-1,2.15,2.85,3.19,4.75,3.8,1.53,,,,,,,,,,12,4.8,3.3,3.35,5.4,10.5,,
2026-05-17,周六023,,,-1,1.51,3.65,5.2,2.72,3.3,2.18,,,,,,,,,,15,5.7,3.35,3.4,5.1,9,,
2026-05-17,周六024,,,-9,1.57,3.7,4.5,3.02,3.22,2.05,,,,,,,,,,14,5.25,3.6,3.3,5,9,,
2026-05-17,周六025,,,-9,1.3,4.5,7.25,1.94,3.72,2.9,,,,,,,,,,20,6.15,4,3.5,4.45,7.4,,
2026-05-17,周六026,,,-9,1.15,6.1,10.5,2.7,3.86,2,,,,,,,,,,23,7.3,4.5,3.75,4.25,6.5,,
2026-05-17,周六028,,,-9,9.5,5.7,1.18,1.91,4,2.81,,,,,,,,,,28,7.7,4.75,3.3,4,6.35,,
2026-05-17,周六029,,,-1,2.55,3.46,2.23,1.49,4.2,4.55,,,,,,,,,,23,7.25,4.3,3.55,4.3,6.25,,
2026-05-17,周六030,,,-1,2.16,3.2,2.83,4.65,3.9,1.52,,,,,,,,,,14,5.65,3.85,3.2,4.85,8.5,,
2026-05-17,周日001,,,-1,2.37,3.25,2.5,1.39,4.15,6,,,,,,,,,,15,5.5,3.6,3.35,5,8.5,,
2026-05-17,周日002,,,-1,1.58,3.6,4.58,3.18,3,2.08,,,,,,,,,,11.5,4.85,3.3,3.5,5.5,10,,
2026-05-17,周日003,,,-1,3.1,3.05,2.09,1.56,3.47,5,,,,,,,,,,9.5,4,3.4,3.9,6.25,11,,
2026-05-17,周日004,,,-1,3.79,2.8,1.97,1.62,3.18,5.05,,,,,,,,,,6.75,3.5,3,3.8,8.5,19,,
2026-05-17,周日005,,,-9,5.3,3.55,1.52,2.15,3.1,2.93,,,,,,,,,,10,4.25,3.25,3.65,6.1,11,,
2026-05-17,周日006,,,-9,1.18,5.5,10,1.72,3.54,3.77,,,,,,,,,,19,6,3.9,3.5,4.7,7.25,,
2026-05-17,周日007,,,-9,1.38,4.1,6.2,2.36,3.15,2.58,,,,,,,,,,12,4.7,3.3,3.5,5.6,10,,
2026-05-17,周日008,,,-9,1.13,6.1,12.75,2.8,3.85,1.95,,,,,,,,,,17,5.1,3.85,3.6,4.8,7.75,,
2026-05-17,周日009,,,-9,1.41,4.35,5.25,2.4,3.35,2.42,,,,,,,,,,22,7.35,4.35,3.65,4.25,6.75,,
2026-05-17,周日010,,,-1,1.3,4.85,6.5,2.01,3.5,2.9,,,,,,,,,,23,7.6,4.5,3.6,4.25,6.25,,
2026-05-17,周日011,,,-9,2.45,3.2,2.45,1.4,4.55,5.15,,,,,,,,,,14,5.75,3.75,3.45,4.3,8.5,,
2026-05-17,周日012,,,-9,3.12,4.05,1.78,1.78,3.95,3.18,,,,,,,,,,38,10.5,5.3,3.8,3.9,5.4,,
2026-05-17,周日013,,,-9,3.2,3.75,1.82,1.76,4.05,3.18,,,,,,,,,,24,8,4.6,3.7,4.1,6.25,,
2026-05-17,周日014,,,-9,3.66,3.55,1.74,1.86,3.5,3.27,,,,,,,,,,12,5,3.5,3.45,4.9,9.5,,
2026-05-17,周日015,,,-9,1.7,3.28,4.25,3.3,3.4,1.88,,,,,,,,,,13,5.35,3.4,3.4,5.45,8.75,,
2026-05-17,周日016,,,-9,1.56,3.8,4.45,2.86,3.35,2.08,,,,,,,,,,16,6.15,3.75,3.5,4.5,7.8,,
2026-05-17,周日017,,,-9,1.63,3.5,4.35,3.02,3.45,1.97,,,,,,,,,,16,5.8,3.7,3.45,4.75,7.75,,
2026-05-17,周日018,,,-9,2.08,3.55,2.73,4.15,4.05,1.56,,,,,,,,,,21,7.4,4.35,3.3,4,7.1,,
2026-05-17,周日019,,,-9,2.08,2.55,3.9,4.58,3.59,1.58,,,,,,,,,,8.5,3.7,3.15,3.8,6.5,13,,
2026-05-17,周日020,,,-9,2.05,2.95,3.3,4.74,3.55,1.57,,,,,,,,,,10,4.3,3.05,3.55,6.2,12,,
2026-05-17,周日021,,,-9,3.85,3.35,1.75,1.81,3.19,3.8,,,,,,,,,,9,4.2,3.05,3.7,6.25,13,,
2026-05-17,周日022,,,-9,1.55,3.8,4.52,2.83,3.34,2.1,,,,,,,,,,15,5.8,3.8,3.35,4.65,8.25,,
2026-05-17,周日023,,,-9,1.86,3.3,3.46,3.95,3.43,1.71,,,,,,,,,,12,5,3.25,3.35,5.5,10,,
2026-05-17,周日024,,,-9,1.95,3.35,3.14,3.9,3.8,1.64,,,,,,,,,,14,5.4,3.6,3.35,5,8.5,,
2026-05-17,周日025,,,-9,2.12,2.75,3.4,5.25,3.4,1.55,,,,,,,,,,7,3.35,3.05,4,7.75,18,,
2026-05-17,周日026,,,-9,3.3,3.4,1.88,1.69,3.95,3.52,,,,,,,,,,15,5.6,3.8,3.55,4.7,7.9,,
2026-05-17,周日027,,,-9,2.08,2.98,3.2,4.42,3.75,1.57,,,,,,,,,,12,5.4,3.05,3.2,5.9,10,,
2026-05-17,周日028,,,-9,2.54,2.9,2.57,6.25,4.2,1.37,,,,,,,,,,10.5,4.6,3,3.5,6,11.5,,
2026-05-17,周日029,,,-9,2.25,3.1,2.76,5.2,3.85,1.48,,,,,,,,,,10,4.3,3.2,3.6,6.1,11.5,,
2026-05-17,周日030,,,-9,1.5,4.35,4.3,2.66,3.35,2.2,,,,,,,,,,21,7.15,4.35,3.35,4,6.9,,
2026-05-17,周日031,,,-9,1.26,4.9,7.6,1.93,3.46,3.1,,,,,,,,,,14,5.4,3.75,3.35,5,8.5,,
2026-05-17,周日032,,,-9,1.85,3.85,3.05,3.43,3.9,1.72,,,,,,,,,,25,8,4.6,3.5,4.2,6.2,,
2026-05-17,周日033,,,-9,1.22,5.7,7.5,1.69,4.1,3.4,,,,,,,,,,40,10.5,5.6,3.55,3.95,5.3,,
2026-05-17,周日034,,,-1,2.05,3.3,2.95,4.25,3.78,1.59,,,,,,,,,,13,5.5,3.7,3.4,4.9,8.75,,
2026-05-18,周一001,,,-1,2.3,2.86,2.9,5.55,3.85,1.45,,,,,,,,,,9.5,4.25,3.1,3.6,6.3,11.5,,
2026-05-18,周一002,,,-1,2.06,3.42,2.84,4.18,3.95,1.57,,,,,,,,,,17,6.7,4.25,3.4,4.25,7.6,,
2026-05-18,周一003,,,-1,3.9,3.6,1.68,1.89,3.25,3.42,,,,,,,,,,15,5.65,3.3,3.25,5.2,9,,
2026-05-18,周日001,,,-1,2.37,3.25,2.5,1.39,4.15,6,,,,,,,,,,15,5.5,3.6,3.35,5,8.5,,
2026-05-18,周日002,,,-1,1.58,3.6,4.58,3.18,3,2.08,,,,,,,,,,11.5,4.85,3.3,3.5,5.5,10,,
2026-05-18,周日003,,,-1,3.1,3.05,2.09,1.56,3.47,5,,,,,,,,,,9.5,4,3.4,3.9,6.25,11,,
2026-05-18,周日004,,,-1,3.79,2.8,1.97,1.62,3.18,5.05,,,,,,,,,,6.75,3.5,3,3.8,8.5,19,,
2026-05-18,周日005,,,-9,5.3,3.55,1.52,2.15,3.1,2.93,,,,,,,,,,10,4.25,3.25,3.65,6.1,11,,
2026-05-18,周日006,,,-9,1.18,5.5,10,1.72,3.54,3.77,,,,,,,,,,19,6,3.9,3.5,4.7,7.25,,
2026-05-18,周日007,,,-9,1.38,4.1,6.2,2.36,3.15,2.58,,,,,,,,,,12,4.7,3.3,3.5,5.6,10,,
2026-05-18,周日008,,,-9,1.13,6.1,12.75,2.8,3.85,1.95,,,,,,,,,,17,5.1,3.85,3.6,4.8,7.75,,
2026-05-18,周日009,,,-9,1.41,4.35,5.25,2.4,3.35,2.42,,,,,,,,,,22,7.35,4.35,3.65,4.25,6.75,,
2026-05-18,周日010,,,-1,1.3,4.85,6.5,2.01,3.5,2.9,,,,,,,,,,23,7.6,4.5,3.6,4.25,6.25,,
2026-05-18,周日011,,,-9,2.45,3.2,2.45,1.4,4.55,5.15,,,,,,,,,,14,5.75,3.75,3.45,4.3,8.5,,
2026-05-18,周日012,,,-9,3.12,4.05,1.78,1.78,3.95,3.18,,,,,,,,,,38,10.5,5.3,3.8,3.9,5.4,,
2026-05-18,周日013,,,-9,3.2,3.75,1.82,1.76,4.05,3.18,,,,,,,,,,24,8,4.6,3.7,4.1,6.25,,
2026-05-18,周日014,,,-9,3.66,3.55,1.74,1.86,3.5,3.27,,,,,,,,,,12,5,3.5,3.45,4.9,9.5,,
2026-05-18,周日015,,,-9,1.7,3.28,4.25,3.3,3.4,1.88,,,,,,,,,,13,5.35,3.4,3.4,5.45,8.75,,
2026-05-18,周日016,,,-9,1.56,3.8,4.45,2.86,3.35,2.08,,,,,,,,,,16,6.15,3.75,3.5,4.5,7.8,,
2026-05-18,周日017,,,-9,1.63,3.5,4.35,3.02,3.45,1.97,,,,,,,,,,16,5.8,3.7,3.45,4.75,7.75,,
2026-05-18,周日018,,,-9,2.08,3.55,2.73,4.15,4.05,1.56,,,,,,,,,,21,7.4,4.35,3.3,4,7.1,,
2026-05-18,周日019,,,-9,2.08,2.55,3.9,4.58,3.59,1.58,,,,,,,,,,8.5,3.7,3.15,3.8,6.5,13,,
2026-05-18,周日020,,,-9,2.05,2.95,3.3,4.74,3.55,1.57,,,,,,,,,,10,4.3,3.05,3.55,6.2,12,,
2026-05-18,周日021,,,-9,3.85,3.35,1.75,1.81,3.19,3.8,,,,,,,,,,9,4.2,3.05,3.7,6.25,13,,
2026-05-18,周日022,,,-9,1.55,3.8,4.52,2.83,3.34,2.1,,,,,,,,,,15,5.8,3.8,3.35,4.65,8.25,,
2026-05-18,周日023,,,-9,1.86,3.3,3.46,3.95,3.43,1.71,,,,,,,,,,12,5,3.25,3.35,5.5,10,,
2026-05-18,周日024,,,-9,1.95,3.35,3.14,3.9,3.8,1.64,,,,,,,,,,14,5.4,3.6,3.35,5,8.5,,
2026-05-18,周日025,,,-9,2.12,2.75,3.4,5.25,3.4,1.55,,,,,,,,,,7,3.35,3.05,4,7.75,18,,
2026-05-18,周日026,,,-9,3.3,3.4,1.88,1.69,3.95,3.52,,,,,,,,,,15,5.6,3.8,3.55,4.7,7.9,,
2026-05-18,周日027,,,-9,2.08,2.98,3.2,4.42,3.75,1.57,,,,,,,,,,12,5.4,3.05,3.2,5.9,10,,
2026-05-18,周日028,,,-9,2.54,2.9,2.57,6.25,4.2,1.37,,,,,,,,,,10.5,4.6,3,3.5,6,11.5,,
2026-05-18,周日029,,,-9,2.25,3.1,2.76,5.2,3.85,1.48,,,,,,,,,,10,4.3,3.2,3.6,6.1,11.5,,
2026-05-18,周日030,,,-9,1.5,4.35,4.3,2.66,3.35,2.2,,,,,,,,,,21,7.15,4.35,3.35,4,6.9,,
2026-05-18,周日031,,,-9,1.26,4.9,7.6,1.93,3.46,3.1,,,,,,,,,,14,5.4,3.75,3.35,5,8.5,,
2026-05-18,周日032,,,-9,1.85,3.85,3.05,3.43,3.9,1.72,,,,,,,,,,25,8,4.6,3.5,4.2,6.2,,
2026-05-18,周日033,,,-9,1.22,5.7,7.5,1.69,4.1,3.4,,,,,,,,,,40,10.5,5.6,3.55,3.95,5.3,,
2026-05-18,周日034,,,-1,2.05,3.3,2.95,4.25,3.78,1.59,,,,,,,,,,13,5.5,3.7,3.4,4.9,8.75,,
2026-05-19,周一001,,,-1,2.3,2.86,2.9,5.55,3.85,1.45,,,,,,,,,,9.5,4.25,3.1,3.6,6.3,11.5,,
2026-05-19,周一002,,,-1,2.06,3.42,2.84,4.18,3.95,1.57,,,,,,,,,,17,6.7,4.25,3.4,4.25,7.6,,
2026-05-19,周一003,,,-1,3.9,3.6,1.68,1.89,3.25,3.42,,,,,,,,,,15,5.65,3.3,3.25,5.2,9,,
2026-05-19,周二001,,,-9,4.55,4.12,1.5,2.25,3.28,2.63,,,,,,,,,,25,8.5,4.75,3.45,3.8,6.5,,
2026-05-19,周二002,,,-9,1.89,3.15,3.55,3.85,3.65,1.68,,,,,,,,,,15,5.9,3.65,3.45,4.75,8.6,,
2026-05-19,周二003,,,-1,1.16,6,10,1.6,3.93,4,,,,,,,,,,18,6.3,3.7,3.3,4.4,8.15,,
2026-05-19,周二005,,,-1,5.93,4.05,1.4,2.5,3.2,2.4,,,,,,,,,,12,4.75,3.05,3.3,5.65,11.5,,
2026-05-20,周三001,,,-1,3.32,3.2,1.94,1.65,3.42,4.35,,,,,,,,,,10,5,3.55,3.45,5.25,9.7,,
2026-05-20,周三002,,,-1,10,6.25,1.15,2.12,4,2.45,,,,,,,,,,35,11,5.5,3.7,3.85,5.5,,
2026-05-20,周三003,,,-1,1.3,4.4,7.5,2.12,3.25,2.86,,,,,,,,,,18,6,3.95,3.35,4.5,7.75,,
2026-05-20,周三004,,,-1,3.3,2.95,2.05,1.58,3.55,4.65,,,,,,,,,,12,4.75,3.3,3.1,5.8,11,,
2026-05-20,周三005,,,-1,1.29,4.95,6.58,2.01,3.5,2.9,,,,,,,,,,24,8,4.7,3.3,4.15,6.5,,
2026-05-20,周三006,,,-9,5.75,4.8,1.34,2.73,3.46,2.11,,,,,,,,,,26,7.8,4.5,3.4,4.15,6.6,,
2026-05-20,周三007,,,-1,3.59,3.8,1.7,1.87,3.75,3.05,,,,,,,,,,24,7.75,4.7,3.15,3.8,7,,
2026-05-20,周三008,,,-9,5.2,3.65,1.51,2.21,3.02,2.89,,,,,,,,,,10.5,4.6,3.4,3.65,5.6,9.75,,
2026-05-20,周三009,,,-1,1.32,4,8.2,2.35,2.85,2.83,,,,,,,,,,10,4.2,3.1,3.5,6.2,13,,
2026-05-20,周三010,,,-1,1.17,5.2,12.5,1.72,3.47,3.85,,,,,,,,,,14,5,3.3,3.2,5.45,10.5,,
2026-05-20,周三011,,,-9,1.93,3.4,3.15,4.01,3.6,1.66,,,,,,,,,,14,5.4,3.65,3.35,4.9,8.5,,
2026-05-20,周三012,,,-9,2.5,2.7,2.8,6.5,3.9,1.39,,,,,,,,,,8,3.6,3.1,3.8,6.9,15,,
2026-05-20,周二001,,,-9,4.55,4.12,1.5,2.25,3.28,2.63,,,,,,,,,,25,8.5,4.75,3.45,3.8,6.5,,
2026-05-20,周二002,,,-9,1.89,3.15,3.55,3.85,3.65,1.68,,,,,,,,,,15,5.9,3.65,3.45,4.75,8.6,,
2026-05-20,周二003,,,-1,1.16,6,10,1.6,3.93,4,,,,,,,,,,18,6.3,3.7,3.3,4.4,8.15,,
2026-05-20,周二005,,,-1,5.93,4.05,1.4,2.5,3.2,2.4,,,,,,,,,,12,4.75,3.05,3.3,5.65,11.5,,
2026-05-21,周三001,,,-1,3.32,3.2,1.94,1.65,3.42,4.35,,,,,,,,,,10,5,3.55,3.45,5.25,9.7,,
2026-05-21,周三002,,,-1,10,6.25,1.15,2.12,4,2.45,,,,,,,,,,35,11,5.5,3.7,3.85,5.5,,
2026-05-21,周三003,,,-1,1.3,4.4,7.5,2.12,3.25,2.86,,,,,,,,,,18,6,3.95,3.35,4.5,7.75,,
2026-05-21,周三004,,,-1,3.3,2.95,2.05,1.58,3.55,4.65,,,,,,,,,,12,4.75,3.3,3.1,5.8,11,,
2026-05-21,周三005,,,-1,1.29,4.95,6.58,2.01,3.5,2.9,,,,,,,,,,24,8,4.7,3.3,4.15,6.5,,
2026-05-21,周三006,,,-9,5.75,4.8,1.34,2.73,3.46,2.11,,,,,,,,,,26,7.8,4.5,3.4,4.15,6.6,,
2026-05-21,周三007,,,-1,3.59,3.8,1.7,1.87,3.75,3.05,,,,,,,,,,24,7.75,4.7,3.15,3.8,7,,
2026-05-21,周三008,,,-9,5.2,3.65,1.51,2.21,3.02,2.89,,,,,,,,,,10.5,4.6,3.4,3.65,5.6,9.75,,
2026-05-21,周三009,,,-1,1.32,4,8.2,2.35,2.85,2.83,,,,,,,,,,10,4.2,3.1,3.5,6.2,13,,
2026-05-21,周三010,,,-1,1.17,5.2,12.5,1.72,3.47,3.85,,,,,,,,,,14,5,3.3,3.2,5.45,10.5,,
2026-05-21,周三011,,,-9,1.93,3.4,3.15,4.01,3.6,1.66,,,,,,,,,,14,5.4,3.65,3.35,4.9,8.5,,
2026-05-21,周三012,,,-9,2.5,2.7,2.8,6.5,3.9,1.39,,,,,,,,,,8,3.6,3.1,3.8,6.9,15,,
2026-05-21,周四001,,,-1,2.53,2.8,2.65,1.35,4.35,6.3,,,,,,,,,,11,4.6,3.35,3.3,6,10.5,,
2026-05-21,周四003,,,-9,2.76,3.1,2.25,1.47,4.45,4.45,,,,,,,,,,22,7.8,4.5,3.3,3.85,6.8,,
2026-05-21,周四005,,,-1,2.72,2.6,2.65,1.36,4.05,6.8,,,,,,,,,,7,3.3,2.95,4.05,8,18,,
2026-05-21,周四006,,,-9,1.64,3.78,3.92,3,3.53,1.95,,,,,,,,,,18,6.9,4.05,3.3,4.2,7.5,,
2026-05-21,周四007,,,-9,1.52,3.75,4.9,2.89,3.12,2.16,,,,,,,,,,13.5,5.5,3.5,3.4,4.75,9,,
2026-05-21,周四008,,,-9,1.71,3.6,3.75,3.15,3.65,1.86,,,,,,,,,,18,6.6,3.9,3.4,4.4,7,,
2026-05-22,周五001,,,-1,2.14,2.72,3.4,5.25,3.45,1.54,,,,,,,,,,8.25,3.6,3.1,4,7.3,13,,
2026-05-22,周五002,,,-1,3.53,3.02,1.94,1.65,3.62,4.05,,,,,,,,,,14,5.4,3.4,3.4,5.3,9,,
2026-05-22,周五003,,,-1,1.3,4.85,6.5,2.05,3.45,2.84,,,,,,,,,,21,7.25,4.5,3.25,3.9,7,,
2026-05-22,周五004,,,-9,2.78,3.24,2.17,1.51,4,4.6,,,,,,,,,,17,6.25,4.05,3.2,4.6,7.75,,
2026-05-22,周五005,,,-9,2.6,2.97,2.45,1.41,4.5,5.05,,,,,,,,,,16,6.15,3.6,3.35,4.85,8,,
2026-05-22,周五006,,,-1,1.43,3.92,5.7,2.45,3.23,2.43,,,,,,,,,,14.5,5.6,3.7,3.35,4.5,8.7,,
2026-05-22,周四001,,,-1,2.53,2.8,2.65,1.35,4.35,6.3,,,,,,,,,,11,4.6,3.35,3.3,6,10.5,,
2026-05-22,周四003,,,-9,2.76,3.1,2.25,1.47,4.45,4.45,,,,,,,,,,22,7.8,4.5,3.3,3.85,6.8,,
2026-05-22,周四005,,,-1,2.72,2.6,2.65,1.36,4.05,6.8,,,,,,,,,,7,3.3,2.95,4.05,8,18,,
2026-05-22,周四006,,,-9,1.64,3.78,3.92,3,3.53,1.95,,,,,,,,,,18,6.9,4.05,3.3,4.2,7.5,,
2026-05-22,周四007,,,-9,1.52,3.75,4.9,2.89,3.12,2.16,,,,,,,,,,13.5,5.5,3.5,3.4,4.75,9,,
2026-05-22,周四008,,,-9,1.71,3.6,3.75,3.15,3.65,1.86,,,,,,,,,,18,6.6,3.9,3.4,4.4,7,,
2026-05-23,周五001,,,-1,2.14,2.72,3.4,5.25,3.45,1.54,,,,,,,,,,8.25,3.6,3.1,4,7.3,13,,
2026-05-23,周五002,,,-1,3.53,3.02,1.94,1.65,3.62,4.05,,,,,,,,,,14,5.4,3.4,3.4,5.3,9,,
2026-05-23,周五003,,,-1,1.3,4.85,6.5,2.05,3.45,2.84,,,,,,,,,,21,7.25,4.5,3.25,3.9,7,,
2026-05-23,周五004,,,-9,2.78,3.24,2.17,1.51,4,4.6,,,,,,,,,,17,6.25,4.05,3.2,4.6,7.75,,
2026-05-23,周五005,,,-9,2.6,2.97,2.45,1.41,4.5,5.05,,,,,,,,,,16,6.15,3.6,3.35,4.85,8,,
2026-05-23,周五006,,,-1,1.43,3.92,5.7,2.45,3.23,2.43,,,,,,,,,,14.5,5.6,3.7,3.35,4.5,8.7,,
2026-05-23,周六001,,,-1,1.73,3.62,3.63,3.35,3.52,1.83,,,,,,,,,,18,6.45,4.1,3.55,4.45,7.35,,
2026-05-23,周六002,,,-1,2.33,2.68,3.06,5.6,3.9,1.44,,,,,,,,,,9,4.15,3.15,3.8,6.1,13,,
2026-05-23,周六003,,,-1,1.47,3.65,5.75,2.8,2.95,2.31,,,,,,,,,,11,4.5,3.2,3.55,5.8,10.5,,
2026-05-23,周六004,,,-1,2.04,3.25,3.02,4.3,3.75,1.59,,,,,,,,,,12,5.1,3.7,3,6,9.5,,
2026-05-23,周六005,,,-1,1.38,4.1,6.25,2.28,3.3,2.58,,,,,,,,,,14,5.3,3.5,3.5,5.1,8.6,,
2026-05-23,周六006,,,-1,1.92,3.1,3.5,4.1,3.55,1.66,,,,,,,,,,11.5,4.9,3.35,3.55,5.55,9.5,,
2026-05-23,周六007,,,-1,1.78,3.15,4,3.8,3.28,1.78,,,,,,,,,,9.5,4.25,3.2,3.75,6.15,12,,
2026-05-23,周六008,,,-1,1.93,3.4,3.15,3.9,3.75,1.65,,,,,,,,,,17,5.75,3.75,3.4,4.6,8,,
2026-05-23,周六009,,,-1,2.32,3.2,2.6,5.3,4,1.45,,,,,,,,,,14,5.5,3.55,3.4,5.1,8.25,,
2026-05-23,周六010,,,-1,1.39,4.05,6.15,2.4,3.2,2.5,,,,,,,,,,12,4.75,3.4,3.55,5.5,9,,
2026-05-23,周六011,,,-1,1.8,3.28,3.72,3.6,3.45,1.78,,,,,,,,,,12,4.8,3.3,3.7,5.4,9,,
2026-05-23,周六012,,,-9,4.15,3.15,1.75,1.81,3.4,3.55,,,,,,,,,,8.4,4,3,3.95,6.5,13,,
2026-05-23,周六013,,,-9,2.95,3.5,1.98,1.62,3.85,4,,,,,,,,,,14,5.5,3.65,3.5,5,8,,
2026-05-23,周六014,,,-9,1.25,5.5,6.8,1.7,4.5,3.13,,,,,,,,,,40,14,6,4.2,4.1,4.85,,
2026-05-23,周六015,,,-9,2.08,3.4,2.82,4.4,3.78,1.57,,,,,,,,,,17,5.7,3.85,3.4,4.6,7.7,,
2026-05-23,周六016,,,-9,1.56,3.7,4.6,2.8,3.45,2.08,,,,,,,,,,12,4.75,3.35,3.55,5.3,9.5,,
2026-05-23,周六017,,,-9,1.65,3.65,4.02,3.2,3.35,1.93,,,,,,,,,,16,5.8,3.8,3.3,4.7,8,,
2026-05-23,周六018,,,-9,1.3,4.5,7.25,2.14,3.25,2.82,,,,,,,,,,14,4.9,3.5,3.3,5.2,9.5,,
2026-05-23,周六019,,,-9,2.1,2.86,3.3,4.35,3.94,1.55,,,,,,,,,,14,5.25,3.6,3.4,5.05,8.75,,
2026-05-23,周六020,,,-9,1.31,4.8,6.35,2,3.65,2.81,,,,,,,,,,24,7.1,4.4,3.35,4.15,6.8,,
2026-05-23,周六021,,,-9,2.43,2.5,3.15,6,3.95,1.41,,,,,,,,,,5.75,3.25,3,4.25,9,21,,
2026-05-23,周六022,,,-9,1.72,3.2,4.25,3.55,3.25,1.85,,,,,,,,,,11,4.7,3.3,3.55,5.55,10,,
2026-05-23,周六023,,,-9,2.32,2.75,3,5.3,4,1.45,,,,,,,,,,10.5,4.6,3.05,3.55,5.8,11,,
2026-05-23,周六024,,,-9,3.35,3.85,1.75,1.82,3.9,3.1,,,,,,,,,,22,7,4.25,3.45,4.25,6.75,,
2026-05-23,周六025,,,-9,2.23,3.05,2.83,4.6,4.25,1.48,,,,,,,,,,15,5.75,3.7,3.45,4.85,8,,
2026-05-23,周六026,,,-1,1.98,3.5,2.95,3.86,3.95,1.62,,,,,,,,,,18,6.25,3.9,3.35,4.4,7.6,,
2026-05-23,周六027,,,-1,1.76,3.55,3.58,3.35,3.65,1.8,,,,,,,,,,15,5.9,3.85,3.55,4.5,7.65,,
2026-05-23,周六028,,,-1,1.81,3.35,3.6,3.58,3.55,1.76,,,,,,,,,,15,5.7,3.65,3.55,4.9,8,,
2026-05-23,周六029,,,-1,1.57,3.7,4.5,2.84,3.45,2.05,,,,,,,,,,14,5.2,3.7,3.4,4.85,8.75,,
2026-05-23,周六030,,,-1,2.16,3.7,2.53,4.2,4.2,1.53,,,,,,,,,,27,8.5,4.55,3.5,4.1,6,,
2026-05-24,周六001,,,-1,1.73,3.62,3.63,3.35,3.52,1.83,,,,,,,,,,18,6.45,4.1,3.55,4.45,7.35,,
2026-05-24,周六002,,,-1,2.33,2.68,3.06,5.6,3.9,1.44,,,,,,,,,,9,4.15,3.15,3.8,6.1,13,,
2026-05-24,周六003,,,-1,1.47,3.65,5.75,2.8,2.95,2.31,,,,,,,,,,11,4.5,3.2,3.55,5.8,10.5,,
2026-05-24,周六004,,,-1,2.04,3.25,3.02,4.3,3.75,1.59,,,,,,,,,,12,5.1,3.7,3,6,9.5,,
2026-05-24,周六005,,,-1,1.38,4.1,6.25,2.28,3.3,2.58,,,,,,,,,,14,5.3,3.5,3.5,5.1,8.6,,
2026-05-24,周六006,,,-1,1.92,3.1,3.5,4.1,3.55,1.66,,,,,,,,,,11.5,4.9,3.35,3.55,5.55,9.5,,
2026-05-24,周六007,,,-1,1.78,3.15,4,3.8,3.28,1.78,,,,,,,,,,9.5,4.25,3.2,3.75,6.15,12,,
2026-05-24,周六008,,,-1,1.93,3.4,3.15,3.9,3.75,1.65,,,,,,,,,,17,5.75,3.75,3.4,4.6,8,,
2026-05-24,周六009,,,-1,2.32,3.2,2.6,5.3,4,1.45,,,,,,,,,,14,5.5,3.55,3.4,5.1,8.25,,
2026-05-24,周六010,,,-1,1.39,4.05,6.15,2.4,3.2,2.5,,,,,,,,,,12,4.75,3.4,3.55,5.5,9,,
2026-05-24,周六011,,,-1,1.8,3.28,3.72,3.6,3.45,1.78,,,,,,,,,,12,4.8,3.3,3.7,5.4,9,,
2026-05-24,周六012,,,-9,4.15,3.15,1.75,1.81,3.4,3.55,,,,,,,,,,8.4,4,3,3.95,6.5,13,,
2026-05-24,周六013,,,-9,2.95,3.5,1.98,1.62,3.85,4,,,,,,,,,,14,5.5,3.65,3.5,5,8,,
2026-05-24,周六014,,,-9,1.25,5.5,6.8,1.7,4.5,3.13,,,,,,,,,,40,14,6,4.2,4.1,4.85,,
2026-05-24,周六015,,,-9,2.08,3.4,2.82,4.4,3.78,1.57,,,,,,,,,,17,5.7,3.85,3.4,4.6,7.7,,
2026-05-24,周六016,,,-9,1.56,3.7,4.6,2.8,3.45,2.08,,,,,,,,,,12,4.75,3.35,3.55,5.3,9.5,,
2026-05-24,周六017,,,-9,1.65,3.65,4.02,3.2,3.35,1.93,,,,,,,,,,16,5.8,3.8,3.3,4.7,8,,
2026-05-24,周六018,,,-9,1.3,4.5,7.25,2.14,3.25,2.82,,,,,,,,,,14,4.9,3.5,3.3,5.2,9.5,,
2026-05-24,周六019,,,-9,2.1,2.86,3.3,4.35,3.94,1.55,,,,,,,,,,14,5.25,3.6,3.4,5.05,8.75,,
2026-05-24,周六020,,,-9,1.31,4.8,6.35,2,3.65,2.81,,,,,,,,,,24,7.1,4.4,3.35,4.15,6.8,,
2026-05-24,周六021,,,-9,2.43,2.5,3.15,6,3.95,1.41,,,,,,,,,,5.75,3.25,3,4.25,9,21,,
2026-05-24,周六022,,,-9,1.72,3.2,4.25,3.55,3.25,1.85,,,,,,,,,,11,4.7,3.3,3.55,5.55,10,,
2026-05-24,周六023,,,-9,2.32,2.75,3,5.3,4,1.45,,,,,,,,,,10.5,4.6,3.05,3.55,5.8,11,,
2026-05-24,周六024,,,-9,3.35,3.85,1.75,1.82,3.9,3.1,,,,,,,,,,22,7,4.25,3.45,4.25,6.75,,
2026-05-24,周六025,,,-9,2.23,3.05,2.83,4.6,4.25,1.48,,,,,,,,,,15,5.75,3.7,3.45,4.85,8,,
2026-05-24,周六026,,,-1,1.98,3.5,2.95,3.86,3.95,1.62,,,,,,,,,,18,6.25,3.9,3.35,4.4,7.6,,
2026-05-24,周六027,,,-1,1.76,3.55,3.58,3.35,3.65,1.8,,,,,,,,,,15,5.9,3.85,3.55,4.5,7.65,,
2026-05-24,周六028,,,-1,1.81,3.35,3.6,3.58,3.55,1.76,,,,,,,,,,15,5.7,3.65,3.55,4.9,8,,
2026-05-24,周六029,,,-1,1.57,3.7,4.5,2.84,3.45,2.05,,,,,,,,,,14,5.2,3.7,3.4,4.85,8.75,,
2026-05-24,周六030,,,-1,2.16,3.7,2.53,4.2,4.2,1.53,,,,,,,,,,27,8.5,4.55,3.5,4.1,6,,
2026-05-24,周日001,,,-1,3,3.1,2.11,1.55,3.65,4.75,,,,,,,,,,11,4.7,3.5,3.6,5.5,9.5,,
2026-05-24,周日002,,,-1,2.65,2.78,2.55,1.39,4.05,6.15,,,,,,,,,,9,4.1,3.2,3.8,6.3,12,,
2026-05-24,周日003,,,-9,2.52,2.75,2.71,6.3,3.9,1.4,,,,,,,,,,10.5,4.4,3.25,3.6,5.75,10,,
2026-05-24,周日004,,,-1,1.3,4.7,6.8,2.02,3.45,2.9,,,,,,,,,,18,7.2,4.35,3.5,4.5,7,,
2026-05-24,周日005,,,-1,1.56,3.85,4.4,2.63,3.75,2.08,,,,,,,,,,15,5.8,3.9,3.45,4.5,8,,
2026-05-24,周日006,,,-9,2.92,2.92,2.25,7.2,4.8,1.28,,,,,,,,,,12.5,4.9,3.55,3.6,5.2,9,,
2026-05-24,周日007,,,-1,1.19,6,8.2,1.59,4.35,3.7,,,,,,,,,,40,12,6.25,4.3,4,5.2,,
2026-05-24,周日008,,,-1,1.58,3.75,4.35,2.85,3.45,2.05,,,,,,,,,,15,5.7,3.7,3.45,4.75,8,,
2026-05-24,周日009,,,-9,2.47,3.35,2.35,1.45,4.15,5.05,,,,,,,,,,20,6.7,3.9,3.4,4.45,7.25,,
2026-05-24,周日010,,,-9,1.62,3.85,3.96,2.89,3.6,1.98,,,,,,,,,,23,7.2,4.2,3.6,4.3,6.5,,
2026-05-24,周日011,,,-9,1.3,4.85,6.5,3.55,4.2,1.64,,,,,,,,,,28,8.2,4.6,3.8,4.1,6.2,,
2026-05-24,周日012,,,-9,3.45,3.45,1.82,1.74,3.6,3.62,,,,,,,,,,14,5.4,3.6,3.4,4.9,9,,
2026-05-24,周日013,,,-9,2.31,3,2.75,5.05,4,1.47,,,,,,,,,,13,5.25,3.5,3.5,5,9,,
2026-05-24,周日014,,,-9,3.82,3.2,1.8,1.76,3.65,3.5,,,,,,,,,,13,5.25,3.35,3.4,5.2,9.5,,
2026-05-24,周日015,,,-9,1.51,4.05,4.55,2.8,3.22,2.17,,,,,,,,,,15,6.25,3.95,3.4,4.7,7.5,,
2026-05-24,周日016,,,-9,1.69,3.4,4.1,3.45,3.25,1.88,,,,,,,,,,11.5,4.9,3.45,3.7,5.25,9.75,,
2026-05-24,周日017,,,-9,3.55,3.55,1.77,1.8,3.5,3.47,,,,,,,,,,16,6.25,3.85,3.75,4.6,7.25,,
2026-05-24,周日018,,,-9,1.33,4.3,6.9,2.19,3.2,2.78,,,,,,,,,,13,5,3.6,3.5,5.2,9,,
2026-05-24,周日019,,,-1,5.55,4.8,1.35,2.65,3.95,2.01,,,,,,,,,,28,8,4.9,3.6,4.3,5.8,,
2026-05-24,周日020,,,-9,1.66,3.3,4.46,3.7,2.87,1.96,,,,,,,,,,8.75,3.7,3.1,3.7,6.8,14,,
2026-05-24,周日021,,,-9,9.5,4.9,1.22,3.41,3.45,1.83,,,,,,,,,,14,4.8,3.4,3.45,5.2,9.5,,
2026-05-24,周日022,,,-9,6.3,4.25,1.36,2.6,3.3,2.27,,,,,,,,,,13.5,4.8,3.6,3.7,5.25,8.25,,
2026-05-24,周日023,,,-9,5.6,4.65,1.36,2.65,3.25,2.25,,,,,,,,,,16,5.5,3.8,3.4,4.85,8,,
2026-05-24,周日024,,,-9,1.15,5.7,11.8,2.93,3.9,1.88,,,,,,,,,,17,5.7,3.85,3.6,4.7,7.5,,
2026-05-24,周日025,,,-9,2.37,3.2,2.53,4.7,4.5,1.44,,,,,,,,,,24,8.1,4.7,3.4,4.1,6.2,,
2026-05-24,周日026,,,-1,1.27,5.3,6.5,1.79,4.15,3.03,,,,,,,,,,33,9.5,5.15,3.75,4.2,5.55,,
2026-05-24,周日027,,,-1,1.74,3.6,3.62,3.23,3.7,1.82,,,,,,,,,,17,6.2,3.8,3.4,4.6,7.25,,
2026-05-24,周日028,,,-9,2,3.3,3.08,3.9,4,1.61,,,,,,,,,,16,6,3.85,3.4,4.7,7.75,,
2026-05-25,周一001,,,-1,3.05,3.6,1.91,1.67,3.75,3.8,,,,,,,,,,18,6.6,4.25,3.3,4.6,7.15,,
2026-05-25,周一002,,,-1,2.94,3.2,2.1,1.55,3.9,4.4,,,,,,,,,,15,5.65,3.55,3.45,4.8,8.25,,
2026-05-25,周一003,,,-1,1.31,4.7,6.55,2.11,3.35,2.8,,,,,,,,,,21,6.75,4.4,3.05,4.1,7.5,,
2026-05-25,周一004,,,-1,2.23,3.15,2.75,4.85,4.05,1.48,,,,,,,,,,14,5.5,3.65,3.35,5,8.5,,
2026-05-25,周一005,,,-1,2.59,3.6,2.15,5.4,4.55,1.38,,,,,,,,,,21,7,4.4,3.35,4.25,6.6,,
2026-05-25,周一006,,,-1,2.59,3.1,2.38,1.42,4,5.7,,,,,,,,,,10.5,4.65,3.1,3.4,6.2,11,,
2026-05-25,周一007,,,-1,3,2.85,2.25,1.48,3.95,5,,,,,,,,,,13.5,5.8,3.65,3.15,4.6,9.5,,
2026-05-25,周一008,,,-1,1.83,3.55,3.32,3.9,3.4,1.73,,,,,,,,,,17,6,3.4,3.3,5,8.5,,
2026-05-25,周一009,,,-9,3.25,3.22,1.96,1.63,3.55,4.28,,,,,,,,,,10,4.75,3.1,3.4,5.8,12,,
2026-05-25,周日001,,,-1,3,3.1,2.11,1.55,3.65,4.75,,,,,,,,,,11,4.7,3.5,3.6,5.5,9.5,,
2026-05-25,周日002,,,-1,2.65,2.78,2.55,1.39,4.05,6.15,,,,,,,,,,9,4.1,3.2,3.8,6.3,12,,
2026-05-25,周日003,,,-9,2.52,2.75,2.71,6.3,3.9,1.4,,,,,,,,,,10.5,4.4,3.25,3.6,5.75,10,,
2026-05-25,周日004,,,-1,1.3,4.7,6.8,2.02,3.45,2.9,,,,,,,,,,18,7.2,4.35,3.5,4.5,7,,
2026-05-25,周日005,,,-1,1.56,3.85,4.4,2.63,3.75,2.08,,,,,,,,,,15,5.8,3.9,3.45,4.5,8,,
2026-05-25,周日006,,,-9,2.92,2.92,2.25,7.2,4.8,1.28,,,,,,,,,,12.5,4.9,3.55,3.6,5.2,9,,
2026-05-25,周日007,,,-1,1.19,6,8.2,1.59,4.35,3.7,,,,,,,,,,40,12,6.25,4.3,4,5.2,,
2026-05-25,周日008,,,-1,1.58,3.75,4.35,2.85,3.45,2.05,,,,,,,,,,15,5.7,3.7,3.45,4.75,8,,
2026-05-25,周日009,,,-9,2.47,3.35,2.35,1.45,4.15,5.05,,,,,,,,,,20,6.7,3.9,3.4,4.45,7.25,,
2026-05-25,周日010,,,-9,1.62,3.85,3.96,2.89,3.6,1.98,,,,,,,,,,23,7.2,4.2,3.6,4.3,6.5,,
2026-05-25,周日011,,,-9,1.3,4.85,6.5,3.55,4.2,1.64,,,,,,,,,,28,8.2,4.6,3.8,4.1,6.2,,
2026-05-25,周日012,,,-9,3.45,3.45,1.82,1.74,3.6,3.62,,,,,,,,,,14,5.4,3.6,3.4,4.9,9,,
2026-05-25,周日013,,,-9,2.31,3,2.75,5.05,4,1.47,,,,,,,,,,13,5.25,3.5,3.5,5,9,,
2026-05-25,周日014,,,-9,3.82,3.2,1.8,1.76,3.65,3.5,,,,,,,,,,13,5.25,3.35,3.4,5.2,9.5,,
2026-05-25,周日015,,,-9,1.51,4.05,4.55,2.8,3.22,2.17,,,,,,,,,,15,6.25,3.95,3.4,4.7,7.5,,
2026-05-25,周日016,,,-9,1.69,3.4,4.1,3.45,3.25,1.88,,,,,,,,,,11.5,4.9,3.45,3.7,5.25,9.75,,
2026-05-25,周日017,,,-9,3.55,3.55,1.77,1.8,3.5,3.47,,,,,,,,,,16,6.25,3.85,3.75,4.6,7.25,,
2026-05-25,周日018,,,-9,1.33,4.3,6.9,2.19,3.2,2.78,,,,,,,,,,13,5,3.6,3.5,5.2,9,,
2026-05-25,周日019,,,-1,5.55,4.8,1.35,2.65,3.95,2.01,,,,,,,,,,28,8,4.9,3.6,4.3,5.8,,
2026-05-25,周日020,,,-9,1.66,3.3,4.46,3.7,2.87,1.96,,,,,,,,,,8.75,3.7,3.1,3.7,6.8,14,,
2026-05-25,周日021,,,-9,9.5,4.9,1.22,3.41,3.45,1.83,,,,,,,,,,14,4.8,3.4,3.45,5.2,9.5,,
2026-05-25,周日022,,,-9,6.3,4.25,1.36,2.6,3.3,2.27,,,,,,,,,,13.5,4.8,3.6,3.7,5.25,8.25,,
2026-05-25,周日023,,,-9,5.6,4.65,1.36,2.65,3.25,2.25,,,,,,,,,,16,5.5,3.8,3.4,4.85,8,,
2026-05-25,周日024,,,-9,1.15,5.7,11.8,2.93,3.9,1.88,,,,,,,,,,17,5.7,3.85,3.6,4.7,7.5,,
2026-05-25,周日025,,,-9,2.37,3.2,2.53,4.7,4.5,1.44,,,,,,,,,,24,8.1,4.7,3.4,4.1,6.2,,
2026-05-25,周日026,,,-1,1.27,5.3,6.5,1.79,4.15,3.03,,,,,,,,,,33,9.5,5.15,3.75,4.2,5.55,,
2026-05-25,周日027,,,-1,1.74,3.6,3.62,3.23,3.7,1.82,,,,,,,,,,17,6.2,3.8,3.4,4.6,7.25,,
2026-05-25,周日028,,,-9,2,3.3,3.08,3.9,4,1.61,,,,,,,,,,16,6,3.85,3.4,4.7,7.75,,